ID,text,src
174475,"–ù–∞–±–ª—é–¥–∞–ª –≤–µ—Å–µ–ª—É—é –∫–∞—Ä—Ç–∏–Ω—É: —Å–æ—Ç—Ä—É–¥–Ω–∏–∫ —Å—Ç–æ —á—É—Ç—å –Ω–µ –ø–æ–¥—Ä–∞–ª—Å—è —Å —Å–æ—Ç—Ä—É–¥–Ω–∏–∫–æ–º —Ç–æ—Ä–≥–æ–≤–æ–≥–æ –∑–∞–ª–∞))) –í–µ—Å–µ–ª—ã–µ —Ä–µ–±—è—Ç–∞... \n
",geo
86578,"–ü–æ—Å–ª–µ –ø—Ä–æ—Å–º–æ—Ç—Ä–∞ –¥–∞–Ω–Ω–æ–≥–æ –∞–Ω–∏–º—ç, —Å—Ç—Ä–∞–Ω–Ω–æ–µ —á—É–≤—Å—Ç–≤–æ –æ—Å—Ç–∞–ª–æ—Å—å: —á–µ–≥–æ-—Ç–æ –Ω–µ —Ö–≤–∞—Ç–∏–ª–æ, –Ω–∞–≤–µ—Ä–Ω–æ –±–æ–ª—å—à–µ —ç–º–æ—Ü–∏–π –∏ –±–æ–ª–µ–µ –∑–∞—Ö–≤–∞—Ç—ã–≤–∞—é—â–µ–≥–æ —Å—é–∂–µ—Ç–∞. –ì–ª–∞–≤–Ω—ã–µ –≥–µ—Ä–æ–∏ –ø–æ —Å–≤–æ–µ–º—É –∏–Ω—Ç–µ—Ä–µ—Å–Ω—ã. –ù–æ —Ç–µ –∫—Ç–æ –ª—é–±–∏—Ç –±–æ–ª–µ–µ –∑–∞—Ö–≤–∞—Ç—ã–≤–∞—é—â–∏–µ —Å–µ—Ä–∏–∞–ª—å—á–∏–∫–∏ –∏ —Ñ–∏–ª—å–º—ã –Ω–∞–≤—Ä—è—Ç–ª–∏ –ø–æ–¥–æ–π–¥–µ—Ç –¥–∞–Ω–Ω–æ–µ –∞–Ω–∏–º—ç. –û–Ω–æ –±–æ–ª—å—à–µ –æ –ø–æ–≤—Å–µ–¥–Ω–µ–≤–Ω–æ—Å—Ç–∏. –ö—Ä–∞—Ñ—Ç –õ–æ—É—Ä–µ–Ω—Å –Ω—É –æ–æ–æ–æ—á–µ–Ω—å —Å–¥–µ—Ä–∂–∞–Ω, –∞ —Ö–æ—Ç–µ–ª–æ—Å—å –±—ã —á—É—Ç—å –±–æ–ª—å—à–µ —ç–º–æ—Ü–∏–π, —á—É—Ç—å –±–æ–ª—å—à–µ –Ω–∞—Å—Ç–æ–π—á–∏–≤–æ—Å—Ç–∏. –î–∞, –±—ã–ª–∏ —Å–∏—Ç—É–∞—Ü–∏–∏, –∫–æ–≥–¥–∞ –æ–Ω –±—ã–ª –±—É—Ä–Ω—ã–π –Ω–∞ —ç–º–æ—Ü–∏–∏, –Ω–æ —ç—Ç–æ –±–æ–ª—å—à–µ —ç–º–æ—Ü–∏–∏ –æ—Ç—á–∞—è–Ω–∏—è. –•–æ–ª–æ –æ—á–µ–Ω—å –∏–Ω—Ç–µ—Ä–µ—Å–Ω—ã–π –ø–µ—Ä—Å–æ–Ω–∞–∂, –ø–µ—Ä–∏–æ–¥–∏—á–µ—Å–∫–∏ –≤—ã–≤–æ–¥–∏—Ç –ö—Ä–∞—Ñ—Ç–∞, —ç—Ç–æ –∑–∞–±–∞–≤–Ω–æ –æ—á–µ–Ω—å.",anime
231392,"–ø–ª–∞—Ç—å–µ –≤–µ–ª–∏–∫–æ !





–í–∏—Ç–∞–ª–∏–π.

e-mail:zvp2012@yandex.ru",ru-reviews-classification
7802,"–∫–∞—á–µ—Å—Ç–≤–æ –æ—Ç–≤—Ä–∞—Ç–∏—Ç–µ–ª—å–Ω–æ–µ, –∫–æ–ª—é—á–∞—è. –Ω–µ—Ç –Ω–∏ –ø–µ—Ä–µ–¥–∞, –Ω–∏ –∑–∞–¥–∞. —Å–∏–¥–∏—Ç –Ω–µ—É–¥–æ–±–Ω–æ. –µ–¥–∏–Ω—Å—Ç–≤–µ–Ω–Ω—ã–π –ø–ª—é—Å —ç—Ç–æ –±—ã—Å—Ç—Ä–∞—è –¥–æ—Å—Ç–∞–≤–∫–∞",rureviews
278930,–î–æ—Å—Ç–æ–∏–Ω—Å—Ç–≤–∞: –ì—É—Å—Ç–∞—è –∏ –æ—á–µ–Ω—å –≤–∫—É—Å–Ω–∞—è –ú–æ—è –ª—é–±–∏–º–∞—è —Å–º–µ—Ç–∞–Ω–∞,perekrestok
175969,"–°–µ–≥–æ–¥–Ω—è –∑–≤–æ–Ω–∏–ª–∞ —É–∑–Ω–∞—Ç—å –ø—Ä–æ –≤–∏—à–Ω—é –¥–µ–∫–æ—Ä–∞—Ç–∏–≤–Ω—É—é, —Ç–æ—Ç –∂–µ ,–∫–∞–∫ —è –ø–æ–Ω–∏–º–∞—é –∏–∑ –ø—Ä–µ–¥—ã–¥—É—â–∏—Ö –æ—Ç–∑—ã–≤–æ–≤ ¬´—Å–æ–Ω–Ω—ã–π¬ª –≥–æ–ª–æ—Å —Å–æ–æ–±—â–∏–ª –º–Ω–µ, —á—Ç–æ –ø—Ä–∏–µ–∑–∂–∞—Ç—å –Ω–µ –Ω—É–∂–Ω–æ –∏ –≤—ã–±—Ä–∞—Ç—å —Ä–∞—Å—Ç–µ–Ω–∏–µ –∑–∞ 7000 –† —è –Ω–µ —Å–º–æ–≥—É, —á—Ç–æ –ø—Ä–∏–≤–µ–∑—É—Ç, —Ç–æ –ø—Ä–∏–≤–µ–∑—É—Ç. –ù–µ—Ç –æ–±—Ä–∞—Ç–Ω–æ–π —Å–≤—è–∑–∏-—ç—Ç–æ –ø—Ä–æ—Å—Ç–æ –ü–ï–†–ï–ö–£–ü–©–ò–ö
",geo
122536,"–õ–∏—á–Ω–æ –º–æ—è –æ—Ü–µ–Ω–∫–∞ —ç—Ç–æ 5. –ü–æ—Ç–æ–º—É —á—Ç–æ –≤—Å—è –∏—Å—Ç–æ—Ä–∏—è —Å—Ä–µ–¥–Ω—è—è. –ù—É —ç—Ç–æ –Ω–∞ –º–æ–π –≤–∑–≥–ª—è–¥. –í–Ω–∞—á–∞–ª–µ —è –≤–æ–æ–±—â–µ –Ω–µ –æ—Ü–µ–Ω–∏–ª–∞, –Ω–æ –ø–æ—Å–ª–µ –ø–æ–Ω—è–ª–∞, —á—Ç–æ –∑–¥–µ—Å—å –º–æ–∂–Ω–æ —É–∑–Ω–∞—Ç—å —Ü–µ–ª—ã—Ö 13 —Ä–µ—Ü–µ–ø—Ç–æ–≤ –∞–ª–∫–æ–≥–æ–ª—å–Ω—ã—Ö –∏ –Ω–µ –∞–ª–∫–æ–≥–æ–ª—å–Ω—ã—Ö –∫–æ–∫—Ç–µ–ª–µ–π. –¢–∞–∫–æ–π —Å—é–∂–µ—Ç –ª–∏—á–Ω–æ –¥–ª—è –º–µ–Ω—è –≤ –Ω–æ–≤–∏–Ω–∫—É, –º–æ–∂–µ—Ç —Ç–∞–º –≤—Å–µ-—Ç–∞–∫–∏ –∏–¥–µ—Ç —Ä–µ–∫–ª–∞–º–∞ –∫–∞–∫–æ–π-—Ç–æ –ø—Ä–æ–¥—É–∫—Ü–∏–∏, –∞ –Ω–∞–º  –Ω–µ –ø–æ–∫–∞–∑—ã–≤–∞—é—Ç?! –ù–æ —Ç–∞–∫ –∂–µ –º–Ω–µ –Ω—Ä–∞–≤–∏—Ç—Å—è, —á—Ç–æ –Ω–∞–º —Ä–∞—Å—Å–∫–∞–∑–∞–ª–∏ —Ç–∞–∫ –∂–µ –∏ –∏—Å—Ç–æ—Ä–∏—é –≥–ª–∞–≤–Ω—ã—Ö –≥–µ—Ä–æ–µ–≤.–õ–∏—á–Ω–æ –º–µ–Ω—è –ß–∏—Å–∞—Ç–æ –Ω–µ–º–Ω–æ–≥–æ –±–µ—Å–∏–ª–∞, –≤–æ—Ç —ç—Ç–æ –µ–µ –¥–µ—Ç—Å–∫–æ–µ –ø–æ–≤–µ–¥–µ–Ω–∏–µ, –∫–æ–≥–¥–∞ –æ–Ω–∞ –ø—å–µ—Ç –∞–ª–∫–æ–≥–æ–ª—å, –±–µ—Å–∏—Ç. –ù–æ –≤ —Ü–µ–ª–æ–º –∫–∞–∫ –≥–≥ –Ω–æ—Ä–º. –ê –≤–æ—Ç –°–æ—Ä–∞ –º–∏–ª–∞—Ö–∞.–†–∏—Å–æ–≤–∫–∞ –Ω–∞–≤–µ—Ä–Ω–æ –±–æ–ª—å—à–µ –ø–æ–¥—Ö–æ–¥–∏—Ç –¥–ª—è —á–∏–±–∏–∫–æ–≤, –º–Ω–µ —Ç–∞–∫–æ–µ –Ω–µ –Ω—Ä–∞–≤–∏—Ç—Å—è. –ü–æ—ç—Ç–æ–º—É –≤ –∫–æ–Ω–µ—á–Ω–æ–º –∏—Ç–æ–≥–µ –º–æ—è –æ—Ü–µ–Ω–∫–∞ 5.",anime
209162,"–ë–æ–≥–∏–Ω—è... –∫–∞–∫ —è –ø–æ–ª—é–±–∏–ª–∞.

–í–∫–ª—é—á–∏–≤ —ç—Ç–æ –∫–∏–Ω–æ, —è –æ–∂–∏–¥–∞–ª–∞ —É–≤–∏–¥–µ—Ç—å —á—Ç–æ-—Ç–æ —Å–≤–µ—Ç–ª–æ–µ, –ª–µ–≥–∫–æ–µ, –∂–µ–Ω—Å–∫–æ–µ. –ù–æ –º–æ–∏ –æ–∂–∏–¥–∞–Ω–∏—è —Å–æ–≤—Å–µ–º –Ω–µ –æ–ø—Ä–∞–≤–¥–∞–ª–∏—Å—å, –∏ —á–µ—Å—Ç–Ω–æ, —è —Ä–∞–¥–∞ —ç—Ç–æ–º—É.

–°–Ω–∞—á–∞–ª–∞ —è –ø—ã—Ç–∞–ª–∞—Å—å –¥—É–º–∞—Ç—å, –∏—Å–∫–∞—Ç—å –º–æ—Ç–∏–≤—ã, –∞–Ω–∞–ª–∏–∑–∏—Ä–æ–≤–∞—Ç—å –∏ —Å—Ä–∞–≤–Ω–∏–≤–∞—Ç—å. –ù–æ —ç—Ç–æ–≥–æ –¥–µ–ª–∞—Ç—å –Ω–µ –Ω—É–∂–Ω–æ! –ù—É–∂–Ω–æ –ø—Ä–æ—Å—Ç–æ —Å–º–æ—Ç—Ä–µ—Ç—å. –ù–∞—Å–ª–∞–∂–¥–∞—Ç—å—Å—è –∏ –ø–æ–≥—Ä—É–∂–∞—Ç—å—Å—è –≤ —ç—Ç–æ —Å –≥–æ–ª–æ–≤–æ–π. –≠—Ç–æ –∑–∞—Ö–≤–∞—Ç—ã–≤–∞–µ—Ç —Ç–µ–±—è, –∏ —Ç—ã —Å–∞–º –Ω–µ –∑–∞–º–µ—á–∞–µ—à—å –∫–∞–∫ —Å—Ç–∞–Ω–æ–≤–∏—à—å—Å—è —á–∞—Å—Ç—å—é —ç—Ç–æ–≥–æ. –ù–µ –ø—Ä–æ—Å—Ç–æ –Ω–∞–±–ª—é–¥–∞—Ç–µ–ª–µ–º. 

–≠—Ç–æ –∫–∏–Ω–æ, –Ω–µ –≤—ã–∑—ã–≤–∞–µ—Ç —Å–ª–µ–∑ –∏–ª–∏ –º—É—Ä–∞—à–µ–∫ –ø–æ –∫–æ–∂–µ. –û–Ω–æ —Å—Ç–æ–∏—Ç –æ—Å–æ–±–Ω—è–∫–æ–º. 

–ù–µ—Ç –æ–ø—Ä–µ–¥–µ–ª–µ–Ω–Ω–æ–≥–æ –ø—Ä–æ—Å—Ç—Ä–∞–Ω—Å—Ç–≤–∞, –Ω–æ –æ—á–µ–Ω—å —á–µ—Ç–∫–æ —Ä–∞–∑–≥—Ä–∞–Ω–∏—á–µ–Ω–æ –≤—Ä–µ–º—è. –ù–µ—Ç –¥–µ—Ç–∞–ª–µ–π, –ø—Ä–µ–¥—ã—Å—Ç–æ—Ä–∏–π, –Ω–µ—Ç –ø—Ä–æ—à–ª–æ–≥–æ. –ï—Å—Ç—å —Ç–æ–ª—å–∫–æ –Ω–∞—Å—Ç–æ—è—â–µ–µ, –∏ –æ–Ω–æ —Å–∫–æ—Ä–æ –∑–∞–∫–æ–Ω—á–∏—Ç—Å—è.

–ö–∏–Ω–æ –∞—Ç–º–æ—Å—Ñ–µ—Ä–Ω–æ –¥–æ –±–µ–∑—É–º–∏—è. –ö–∞–∂–¥–∞—è —Å–µ–∫—É–Ω–¥–∞ - —ç—Ç–æ –≤–µ–ª–∏–∫–æ–ª–µ–ø–Ω–∞—è –∫–∞—Ä—Ç–∏–Ω–∫–∞. –ú–Ω–µ –¥–∞–∂–µ –≤—Å–ø–æ–º–Ω–∏–ª—Å—è —Ñ–∏–ª—å–º '–ù–∏—Ä–≤–∞–Ω–∞' —Ä–µ–∂. –í–æ–ª–æ—à–∏–Ω–∞. –ß—Ç–æ-—Ç–æ —Å—Ä–æ–¥–Ω–∏–º–æ–µ. –¢–µ–º–Ω–æ–µ. –ù–æ –ë–æ–≥–∏–Ω—è —á—É–≤—Å—Ç–≤–µ–Ω–Ω–µ–π.

–ö–æ–Ω–µ—Ü... –ê –≤–µ–¥—å –æ–Ω –ø–æ—Ä–∞–∑–∏–ª! –Ø –¥–∞–≤–Ω–æ —É–∂–µ –Ω–µ –≤–∏–¥–µ–ª–∞ —Ö–æ—Ä–æ—à–µ–≥–æ –∏ —Å–∏–ª—å–Ω–æ–≥–æ –∫–æ–Ω—Ü–∞. –û–±—ã—á–Ω–æ –≤–µ–¥—å –¥–µ–ª–∞–µ—Ç—Å—è —É–ø–æ—Ä –Ω–∞ –Ω–∞—á–∞–ª–µ, –¥–∞–±—ã –ø—Ä–∏–≤–ª–µ—á—å –∑—Ä–∏—Ç–µ–ª—è –∏ —Å–∫–∞–∑–∞—Ç—å: '–°–º–æ—Ç—Ä–∏, –∞ —ç—Ç–æ –≤–µ–¥—å –±—É–¥–µ—Ç –∏–Ω—Ç–µ—Ä–µ—Å–Ω–æ!' –¢—É—Ç –≤—Å–µ –∏–Ω–∞—á–µ. –ó–¥–µ—Å—å –Ω–µ –Ω—É–∂–Ω–æ –Ω–∏–∫–æ–≥–æ –ø—Ä–∏–≤–ª–µ–∫–∞—Ç—å.

–ù–æ –∫–æ–Ω–µ—Ü... –û–Ω –ø–æ–ª—É—á–∏–ª—Å—è.

–û—Ç–Ω–æ—à–µ–Ω–∏–µ –∫ —Ñ–∏–ª—å–º—É –æ—á–µ–Ω—å —Å—Ç—Ä–∞–Ω–Ω–æ–µ. –ù–µ—Ç –æ–¥–Ω–æ–∑–Ω–∞—á–Ω–æ—Å—Ç–∏ –∏ —Ç—è–∂–µ–ª–æ —Å–∫–∞–∑–∞—Ç—å –ø–æ–Ω—Ä–∞–≤–∏–ª–æ—Å—å –ª–∏. –ö–æ–Ω–µ—á–Ω–æ –ø—Ä–µ–∫—Ä–∞—Å–Ω—ã–µ –∫–∞–¥—Ä—ã, –ø–ª–∞–Ω—ã –∏ –∞—Ç–º–æ—Å—Ñ–µ—Ä—É –∏—Å–ø–æ—Ä—Ç–∏—Ç—å —Ç—è–∂–µ–ª–æ. –ù–æ —ç—Ç–æ –¥–µ–ª–∞—é—Ç –¥–∏–∞–ª–æ–≥–∏. –õ—É—á—à–µ –±—ã –∏—Ö –Ω–µ –±—ã–ª–æ –≤–æ–æ–±—â–µ! –ö —Å–æ–∂–∞–ª–µ–Ω–∏—é, —Å—Ü–µ–Ω–∞—Ä–∏–π –ø–æ–¥–∫–∞—á–∞–ª (–∫–∞–∫ –∫—Å—Ç–∞—Ç–∏ –∏ –≤ '–ù–∏—Ä–≤–∞–Ω–µ'). –ü—Ä–∏—Å—É—Ç—Å—Ç–≤—É–µ—Ç –æ—â—É—â–µ–Ω–∏–µ –Ω–µ–µ—Å—Ç–µ—Å—Ç–≤–µ–Ω–Ω–æ—Å—Ç–∏. 

–°–º–æ—Ç—Ä–∏—Ç–µ —ç—Ç–æ –∫–∏–Ω–æ, –∏ —è —É–≤–µ—Ä–µ–Ω–∞, —Å –∫–∞–∂–¥—ã–º –Ω–æ–≤—ã–º –ø—Ä–æ—Å–º–æ—Ç—Ä–æ–º –≤—ã –æ—Ç–∫—Ä–æ–µ—Ç–µ —á—Ç–æ-—Ç–æ –Ω–æ–≤–æ–µ –∏ —É–¥–∏–≤–∏—Ç–µ–ª—å–Ω–æ–µ –¥–ª—è —Å–µ–±—è.",kinopoisk
244087,–ù–µ –ø–æ–ª—å–∑–æ–≤–∞–ª–∏—Å—å,perekrestok
125520,"–ì–æ—Å—Ç–∏–Ω–∏—Ü–∞ –Ω—É —Ä–æ–≤–Ω–æ –Ω–∞ 3 –∑–≤–µ–∑–¥—ã, —Ç–æ—á–Ω–æ –∫–∞–∫ –≤ –Ω–∞–∑–≤–∞–Ω–∏–∏. –û—Ç–ª–∏—á–Ω–æ–µ —Ä–∞—Å–ø–æ–ª–æ–∂–µ–Ω–∏–µ, –∏—Å—Ç–æ—Ä–∏—á–µ—Å–∫–∏–µ –∏–Ω—Ç–µ—Ä—å–µ—Ä—ã –º–µ—Å—Ç –æ–±—â–µ–≥–æ –ø–æ–ª—å–∑–æ–≤–∞–Ω–∏—è, –ø–æ—Ç—Ä—è—Å–∞—é—â–∞—è —á—É–≥—É–Ω–Ω–∞—è –ª–µ—Å—Ç–Ω–∏—Ü–∞ —Å–æ–≤—Å–µ–º –Ω–µ —Å–æ—á–µ—Ç–∞–ª–æ—Å—å —Å –±–µ–∑–ª–∏–∫–∏–º –ø–æ–ª—É–ª—é–∫—Å–æ–º –Ω–∞ –æ–±—ã—á–Ω–æ–º –∫–ª—é—á–µ, —Å –æ—Ç–∂–∏–≤—à–∏–º —Å–≤–æ–µ –º–∞—Ç—Ä–∞—Å–æ–º, –∏–∑ –∫–æ—Ç–æ—Ä–æ–≥–æ —É–∂–µ —Ç–æ—Ä—á–∞—Ç –ø—Ä—É–∂–∏–Ω—ã. –û—Ç–∫—Ä—ã–≤–∞—è –æ–∫–Ω–∞ –Ω–∞ –Ω–æ—á—å,  –Ω–µ –æ–±—Ä–∞—Ç–∏–ª –≤–Ω–∏–º–∞–Ω–∏–µ –Ω–∞ –æ—Ç—Å—É—Ç—Å—Ç–≤–∏–µ –º–æ—Å–∫–∏—Ç–Ω—ã—Ö —Å–µ—Ç–æ–∫ –∏ –≤ –ø–µ—Ä–≤—É—é –Ω–æ—á—å –∫–æ–º–∞—Ä—ã –∑–¥–æ—Ä–æ–≤–æ –ø–æ—Ä–µ–∑–≤–∏–ª–∏—Å—å. –í—Ç–æ—Ä—É—é –Ω–æ—á—å —Å–ø–∞–ª —Å –∑–∞–∫—Ä—ã—Ç—ã–º–∏ –æ–∫–Ω–∞–º–∏ –∏ –±—ã–ª–æ –æ—á–µ–Ω—å –Ω–µ–∫–æ–º—Ñ–æ—Ä—Ç–Ω–æ. –ó–≤—É–∫–æ–∏–∑–æ–ª—è—Ü–∏—è –Ω–æ–º–µ—Ä–æ–≤ —Å—Ç—Ä–µ–º–∏—Ç—Å—è –∫ –Ω—É–ª—é, –≤—Å–µ —á—Ç–æ –ø—Ä–æ–∏—Å—Ö–æ–¥–∏—Ç –≤ –∫–æ—Ä–∏–¥–æ—Ä–µ - –ø—Ä–µ–∫—Ä–∞—Å–Ω–æ —Å–ª—ã—à–Ω–æ, –ø–æ–ª–Ω–æ–µ –≤–ø–µ—á–∞—Ç–ª–µ–Ω–∏–µ, —á—Ç–æ –≤—Ö–æ–¥–Ω–æ–π –¥–≤–µ—Ä–∏ –ø—Ä–æ—Å—Ç–æ –Ω–µ—Ç. –í —Ü–µ–ª–æ–º —Ç–≤–µ—Ä–¥–∞—è —Ç—Ä–æ–µ—á–∫–∞, –Ω–µ –±–æ–ª–µ–µ. –ù–∞ –∑–∞–≤—Ç—Ä–∞–∫ –Ω–µ —Ö–æ–¥–∏–ª, —Å–∫–∞–∑–∞—Ç—å –Ω–µ—á–µ–≥–æ.
",geo
20244,"–ó–∞–∫–∞–∑–∞–ª–∞ 21.06, –ø—Ä–∏—à–ª–æ 21.07. –£–ø–∞–∫–æ–≤–∫–∞ –æ–±—ã—á–Ω–∞—è, —Ü–µ–ª–∞—è.  –ö–ª–µ–∏—Ç—Å—è —Ö–æ—Ä–æ—à–æ, —Ç–æ–ª—å–∫–æ —Ç–æ—Ä—á–∏—Ç –≤–µ–∑–¥–µ. –°–Ω–∏–∑—É —Ç–æ—Ä—á–∏—Ç, –ø–æ –±–æ–∫–∞–º —Ç–æ—Ä—á–∏—Ç. –ù–∏—Ö—Ä–µ–Ω–∞ –Ω–µ —É—Ç—è–≥–∏–≤–∞–µ—Ç. –°–ø–µ—Ü–∏–∞–ª—å–Ω–æ –±—Ä–∞–ª–∞ —Ä–∞–∑–º–µ—Ä –ê, —á—Ç–æ–±—ã –Ω–µ —Ç–æ—Ä—á–∞–ª–∞ –Ω–∏–≥–¥–µ. –ù–æ –≤—Å–µ —Ä–∞–≤–Ω–æ —Ç–æ–ø–æ—Ä—â–∏—Ç—Å—è. –ú–æ–∂–µ—Ç –ø—Ä–æ—Å—Ç–æ —É –º–µ–Ω—è –º–∞–ª–µ–Ω—å–∫–∏–µ —Å–∏—Å—å–∫–∏ –∏ —Ç–∞–º –Ω–µ—á–µ–≥–æ —É—Ç—è–≥–∏–≤–∞—Ç—å. –ú–æ–∂–µ—Ç –∫–∞–∫ —Ç–æ –Ω–µ –ø—Ä–∞–≤–∏–ª—å–Ω–æ –∫–ª–µ—é. –ù–æ, –∫–æ—Ä–æ—á–µ, —ç—Ç–æ —Å–∞–º–∞—è –±–µ—Å–ø–æ–ª–µ–∑–Ω–∞—è –≤–µ—â—å –≤ –º–æ–µ–º –≥–∞—Ä–¥–µ—Ä–æ–±–µ. –≠—Ç–æ —Ç–æ–ª—å–∫–æ –Ω–∞ –±–æ–ª—å—à–∏–µ —Å–∏—Å—å–∫–∏. –ï—Å–ª–∏ —É –≤–∞—Å 1 —Ä–∞–∑–º–µ—Ä –∏ –º–µ–Ω—å—à–µ-–Ω–µ –±–µ—Ä–∏—Ç–µ. –•—Ä–µ–Ω—å.",rureviews
187716,"–ü–µ—Ä—Å–æ–Ω–∞–ª. –ó–∞—à–ª–∞ —Å–µ–≥–æ–¥–Ω—è –≤ –º–∞–≥–∞–∑–∏–Ω –≤ 21:20  —Ç–æ–±–∏—à—å –ø–µ—Ä–µ–¥ –∑–∞–∫—Ä—ã—Ç–∏–µ–º –∏ —Ç—Ä—ë–º —Å–æ—Ç—Ä—É–¥–Ω–∏–∫–∞–º –±—ã–ª–æ —Ç—è–∂–µ–ª–æ –æ—Ç–æ—Ä–≤–∞—Ç—å —Å–≤–æ—é 5 —Ç–æ—á–∫—É –æ—Ç —Å—Ç—É–ª–∞ –∏ —Å–ø—É—Å—Ç–∏—Ç—å—Å—è —Å–æ –º–Ω–æ–π –≤–Ω–∏–∑ –¥–ª—è –ø–æ–∫—É–ø–∫–∏ —Ç–æ–≤–∞—Ä–∞. –û–¥–Ω–∞ –º–∞–¥–∞–º –Ω–∞ –∫–∞—Å—Å–µ –ø–æ—Å–æ–≤–µ—Ç–æ–≤–∞–ª–∞ –º–Ω–µ –∏—Å–∫–∞—Ç—å —Ç–æ–≤–∞—Ä—ã –Ω–∞ —Å–∞–π—Ç–µ –∏ –ø–æ–∫—É–ø–∞—Ç—å —Å –¥–æ—Å—Ç–∞–≤–∫–æ–π. –Ø –¥–∏–∫–æ –∏–∑–≤–∏–Ω—è—é—Å—å, –µ—Å–ª–∏ –≤—Å—è –∂–∏–∑–Ω—å —Ç–µ–ø–µ—Ä—å —á–µ—Ä–µ–∑ –∏–Ω—Ç–µ—Ä–Ω–µ—Ç, —Ç–æ —Å –∫–∞–∫–æ–≥–æ —Ñ–∏–≥–∞ –í—ã —Ç–∞–º —Å–∏–¥–∏—Ç–µ –∏ –ø–æ–ª—É—á–∞–µ—Ç–µ –∑–∞ —ç—Ç–æ –∑–ø ? –¢—Ä–∏ —Å–æ—Ç—Ä—É–¥–Ω–∏–∫–∞ –ø–æ–≤—Ç–æ—Ä—é—Å—å —Å–∏–¥–µ–ª–∏ –±–µ–∑ —Ä–∞–±–æ—Ç—ã –∏ –ª—è—Å—ã —Ç–æ—á–∏–ª–∏. –í –ø–µ—Ä–≤—ã–µ –∑–∞—à–ª–∞ –∫ –í–∞–º –∑–∞ –ø–æ–∫—É–ø–∫–æ–π –ø–æ—Ç–æ–º—É —á—Ç–æ –±–ª–∏–∂–µ –∫ –¥–æ–º—É –∏ –≤–∏–¥–∏–º–æ –≤ –ø–æ—Å–ª–µ–¥–Ω–∏–π —Ä–∞–∑. –£–∂ –ª—É—á—à–µ —è –ø–æ–µ–¥—É –∫ –≤–∞—à–∏–º –∫–æ–Ω–∫—É—Ä–µ–Ω—Ç–∞–º —á–µ–º –º–µ–Ω—è –±—É–¥—É—Ç —É—á–∏—Ç—å –∫–∞–∫ –∏ —á—Ç–æ –∑–∞–∫–∞–∑—ã–≤–∞—Ç—å –í–∞—à–∏ –Ω–µ–¥–æ—Å–æ—Ç—Ä—É–¥–Ω–∏–∫–∏. 
",geo
175328,"–ù–µ –≤–∫—É—Å–Ω–æ, –Ω–µ –ø—Ä–∏–≤–µ—Ç–ª–∏–≤—ã–π –ø–µ—Ä—Å–æ–Ω–∞–ª, –ø–æ–ª–Ω–∞—è –∞–Ω—Ç–∏—Å–∞–Ω–∏—Ç–∞—Ä–∏—è. –ë–µ—Ä–∏—Ç–µ –ª—É—á—à–µ –µ–¥—É —Å —Å–æ–±–æ–π!
",geo
5297,"–∫–∞–∫   –ø–∏—Å–∞–ª–∏ —Ä–∞–Ω–µ–µ, –Ω–µ —Å–æ–≤–ø–∞–¥–∞–µ—Ç —Ä–∏—Å—É–Ω–æ–∫, –≤–µ—Ä–Ω–µ–µ- —Ä–∞—Å–ø–æ–ª–æ–∂–µ–Ω–∏–µ —Ü–≤–µ—Ç–∫–æ–≤. –û–Ω–∏ –ø–æ—á—Ç–∏ –¥–æ –Ω–∏–∑–∞. –ò –Ω–µ–º–Ω–æ–≥–æ —Ä–∞—Å—Ç—è–Ω—É—Ç–∞—è —Ç–∫–∞–Ω—å. –î–æ—Å—Ç–∞–≤–∫–∞ –±—ã—Å—Ç—Ä–∞—è",rureviews
186305,"–ì—Ä—è–∑–Ω—ã–π —Å–∞–ª–æ–Ω, –ø–æ–¥—Å—Ç—Ä–∏–≥–ª–∏ —É–∂–∞—Å–Ω–æ, –ø–æ—Å–ª–µ –ø—Ä–µ–¥—ã–¥—É—â–µ–≥–æ –∫–ª–∏–µ–Ω—Ç–∞ –ø—Ä–æ—Å—Ç–æ —Ñ–µ–Ω–æ–º —É–±—Ä–∞–ª–∏ –≤–æ–ª–æ—Å—ã —Å –∫—Ä–µ—Å–ª–∞, –Ω–∏—á–µ–≥–æ –Ω–µ –æ–±—Ä–∞–±–æ—Ç–∞–ª–∏. 
",geo
149147,"–í –æ—Ä–≥–∞–Ω–∏–∑–∞—Ü–∏–∏ —Ä–∞–±–æ—Ç–∞—é—Ç –Ω–∞—Å—Ç–æ—è—â–∏–µ –ø—Ä–æ—Ñ–µ—Å—Å–∏–æ–Ω–∞–ª—ã –ø–æ —Ä–µ–≥–∏—Å—Ç—Ä–∞—Ü–∏–∏ –º–µ–¥–∏—Ü–∏–Ω—Å–∫–∏—Ö –∏–∑–¥–µ–ª–∏–π! –í—Å–µ –æ—Ç–ª–∏—á–Ω–æ! –ö–æ–Ω—Å–∞–ª—Ç–∏–Ω–≥ –Ω–∞ –ø—Ä–æ—Ñ–µ—Å—Å–∏–æ–Ω–∞–ª—å–Ω–æ–º —É—Ä–æ–≤–Ω–µ!!! –†–µ–∫–æ–º–µ–Ω–¥—É—é –æ–±—Ä–∞—â–∞—Ç—å—Å—è –≤—Å–µ–º –∫—Ç–æ —Å–≤—è–∑–∞–Ω —Å —Ä–µ–≥–∏—Å—Ç—Ä–∞—Ü–∏–µ–π –º–µ–¥–∏—Ü–∏–Ω—Å–∫–∏—Ö –∏–∑–¥–µ–ª–∏–π.
",geo
33594,–ø—Ä–∏—à–ª–∏ –±—ã—Å—Ç—Ä–æ. –≤–∑—è–ª–∞ –Ω–∞ —Ä–∞–∑–º–µ—Ä –º–µ–Ω—å—à–µ –∏ –Ω–µ –ø—Ä–æ–≥–æ–¥–∞–ª–∞)))–∫–∞—á–µ—Å—Ç–≤–æ —Ö–æ—Ä–æ—à–µ–µ. –∑–∞–ø–∞—Ö–∞ –Ω–µ—Ç,rureviews
39695,"–ù–æ—Å–æ—á–∫–∏ –ø—Ä–∏—à–ª–∏, –≤—Å–µ –∫–∞–∫ –Ω–∞ —Ñ–æ—Ç–æ, –∑–∞–∫–∞–∑–æ–º –¥–æ–≤–æ–ª—å–Ω–∞, –Ω–∞ 39 —Ä–∞–∑–º–µ—Ä –ø–æ–¥–æ—à–ª–∏",rureviews
56502,"–ñ–∏–ª–µ—Ç–∫–∞ –Ω–µ —Ç–∞–∫–∞—è –ø—É—à–∏—Å—Ç–∞—è, –∫–∞–∫ –Ω–∞ –∫–∞—Ä—Ç–∏–Ω–∫–µ. –•–æ—Ç—è —Ñ–µ–Ω–æ–º –º–æ–∂–Ω–æ —Ä–∞—Å–ø—É—à–∏—Ç—å –∏ –±—É–¥–µ—Ç –Ω–µ –ø–ª–æ—Ö–æ. –ú–∞–ª–æ–º–µ—Ä–∏—Ç, —è –±—Ä–∞–ª–∞ –Ω–∞ —Ä–∞–∑–º–µ—Ä –±–æ–ª—å—à–µ –ø–æ–¥–æ—à–ª–æ –∏–¥–µ–∞–ª—å–Ω–æ. –ï—Å–ª–∏ —Å–æ–±–∏—Ä–∞–µ—Ç–µ—Å—å –Ω–æ—Å–∏—Ç—å —Å–≤–µ—Ä—Ö—É –Ω–∞ —á—Ç–æ-–Ω–∏–±—É–¥—å –±–µ—Ä–∏—Ç–µ –±–æ–ª—å—à–µ. –î–ª—è –≤—ã—Å–æ–∫–∏—Ö: –∂–∏–ª–µ—Ç–∫–∞ —á—É—Ç—å –ø—Ä–∏–∫—Ä—ã–≤–∞–µ—Ç –ø—è—Ç—É—é —Ç–æ—á–∫—É. –ê —Ç–∞–∫ –¥–æ—à–ª–∞ –±—ã—Å—Ç—Ä–æ, –ø—Ä–æ–¥–∞–≤–µ—Ü —Ö–æ—Ä–æ—à–æ —É–ø–∞–∫–æ–≤–∞–ª –∏ –ø–æ–ª–æ–∂–∏–ª –ø–æ–¥–∞—Ä–æ–∫, —á—Ç–æ –Ω–µ –º–æ–∂–µ—Ç –Ω–µ —Ä–∞–¥–æ–≤–∞—Ç—å.",rureviews
27497,"–æ—á–µ–Ω—å –º–∞–ª–µ–Ω—å–∫–∏–µ —à–æ—Ä—Ç—ã!!! –Ω–æ—Å–∏—Ç—å –Ω–µ–≤–æ–∑–º–æ–∂–Ω–æ!
—à–æ—Ä—Ç—ã 42 —Ä–∞–∑–º–µ—Ä–∞ .—Ñ—É—Ç–±–æ–ª–∫–∞-46/48. —Å–∏–Ω—Ç–µ—Ç–∏–∫–∞",rureviews
129094,"–í—Å—ë —Ö–æ—Ä–æ—à–æ, –Ω–æ —Ä—É–∫–∏ –ø–æ–º—ã—Ç—å –Ω–µ–≥–¥–µ
",geo
136410,"–û–¥–Ω–æ –∏–∑ —Ç–µ—Ö –º–µ—Å—Ç –≤ –∫–æ—Ç–æ—Ä–æ–µ –Ω–∞—à–µ–π —Å–µ–º—å–µ –Ω–µ —Ö–æ—á–µ—Ç—Å—è –≤–æ–∑–≤—Ä–∞—â–∞—Ç—å—Å—è –≤—Ç–æ—Ä–æ–π —Ä–∞–∑. –ù–µ –ø–æ–Ω—Ä–∞–≤–∏–ª–∞—Å—å –∫—É—Ö–Ω—è: 1) –¶–µ–Ω–∞ –Ω–µ —Å–æ–æ—Ç–≤–µ—Ç—Å—Ç–≤—É–µ—Ç –∫–∞—á–µ—Å—Ç–≤—É. 2) –°–ª–∏—à–∫–æ–º –±–æ–ª—å—à–æ–µ –º–µ–Ω—é, –≤ –∫–æ—Ç–æ—Ä–æ–º –¥–∞–∂–µ –æ—Ñ–∏—Ü–∏–∞–Ω—Ç –Ω–µ –æ—Ä–∏–µ–Ω—Ç–∏—Ä–æ–≤–∞–ª—Å—è. 3) –¥–æ–ª–≥–∞—è –ø–æ–¥–∞—á–∞ –ø—Ä–∏ –Ω–µ –ø–æ–ª–Ω–æ–π –∑–∞–≥—Ä—É–∑–∫–µ –∑–∞–≤–µ–¥–µ–Ω–∏—è. –ò–∑ –ø–ª—é—Å–æ–≤: –¥–µ—Ç—Å–∫–∞—è –∫–æ–º–Ω–∞—Ç–∞.
",geo
189635,"–ü–æ—á–µ–º—É —Å–Ω–∏–º–∞—é—Ç –¥–µ–Ω–µ–∂–Ω—ã–µ —Å—Ä–µ–¥—Å—Ç–≤–∞ –º–æ—à–µ–Ω–Ω–∏–∫–∏ , –∞ –¥–µ–Ω—å–≥–∏ –±–∞–Ω–∫ –Ω–µ –≤–æ–∑–≤—Ä–∞—â–∞–µ—Ç ?!
–º–∞–∫—Å–∏–º—É–º , —á—Ç–æ –º–æ–≥—É—Ç —ç—Ç–æ –æ—Ç–ø—Ä–∞–≤–∏—Ç—å –≤ –ø–æ–ª–∏—Ü–∏—é , –Ω–∞–ø–∏—Å–∞—Ç—å –∑–∞—è–≤–ª–µ–Ω–∏–µ , –∫–æ—Ç–æ—Ä–æ–µ –Ω–∏—á–µ–≥–æ –Ω–µ —Ä–µ—à–∏—Ç.
21 –≤–µ–∫ , –∑–∞—â–∏—Ç—ã –∫–∞—Ä—Ç—ã –∏ —Å—á–µ—Ç–∞ –Ω–µ—Ç.",sber
52479,"–ü—Ä–µ–∫—Ä–∞—Å–Ω–∞—è –∫—É—Ä—Ç–∫–∞!!!! –ö–∞—á–µ—Å—Ç–≤–æ –ø—Ä–æ—Å—Ç–æ –æ—Ç–ª–∏—á–Ω–æ–µ. –£ –º–µ–Ω—è 103-89-113, –∫—É—Ä—Ç–∫–∞ —Å–µ–ª–∞ –∫–∞–∫ —Å–ø–µ—Ü–∏–∞–ª—å–Ω–æ –Ω–∞ –º–µ–Ω—è —à–∏—Ç–∞. –°–ø–∞—Å–∏–±–æ –æ–≥—Ä–æ–º–Ω–æ–µ –ø—Ä–æ–¥–∞–≤—Ü—É!!!!",rureviews
252243,"–®–∫—É—Ä–∞ —Ç–æ–ª—Å—Ç–µ–Ω–Ω–∞—è, —Å–∞–º–∏ –∞–ø–µ–ª—å—Å–∏–Ω—ã –æ–≥—Ä–æ–º–Ω—ã–µ, 6 —à—Ç—É–∫ –ø–æ—Ç—è–Ω—É–ª–∏ –ø–æ—á—Ç–∏ –Ω–∞ 1,6–∫–≥. ",perekrestok
79085,"–ü–æ —Å–µ—Ç–∫–µ –ø—Ä–æ–¥–∞–≤—Ü–∞ –∑–∞–∫–∞–∑–∞–ª–∞ –ú, –Ω–∞ —Ä–æ—Å—Ç 165 –∏ –≤–µ—Å 55 –ø—Ä–∏ –∑–∞—è–≤–ª–µ–Ω–Ω–æ–π –ø—Ä–æ–¥–∞–≤—Ü–æ–º –¥–ª–∏–Ω–µ –≤ 90 —Å–º –±—ã–ª–∏ –±—ã –≤–ø—Ä–∏—Ç—ã–∫ (–ø–æ –¥–ª–∏–Ω–µ), –Ω–æ –Ω–∞ —Å–∞–º–æ–º –¥–µ–ª–µ –¥–ª–∏–Ω–∞ –ª–µ–≥–≥–∏–Ω—Å–æ–≤ 86 —Å–º, –∏ —ç—Ç–∏—Ö 4 —Å–º –∫–∞–∫ —Ä–∞–∑ –∏ –Ω–µ —Ö–≤–∞—Ç–∞–µ—Ç –¥–æ –Ω–æ—Ä–º –¥–ª–∏–Ω—ã. –û—Ç–∫—Ä—ã–ª–∞ —Å–ø–æ—Ä –ø–æ –≤–æ–∑–≤—Ä–∞—Ç—É –¥–µ–Ω–µ–≥, —Ç.–∫. –ª–µ–≥–≥–∏–Ω—Å—ã –Ω–µ —Å–æ–æ—Ç–≤ –æ–ø–∏—Å–∞–Ω–∏—é, –Ω–æ –ø—Ä–æ–¥–∞–≤–µ—Ü, –ø—Ä–∏–Ω—è–≤ —Å–ø–æ—Ä, —Ä–µ—à–∏–ª –≤–µ—Ä–Ω—É—Ç—å –∑–∞–∫–∞–∑ –∑–∞ –º–æ–π —Å—á–µ—Ç –≤ —Å–≤–æ–π –ö–∏—Ç–∞–π. –ê —è —É–∂–µ –æ–ø–ª–∞—Ç–∏–ª–∞ –¥–æ—Å—Ç–∞–≤–∫—É –≤ –†–æ—Å—Å–∏—é! –í –æ–±—â–µ–º, –Ω–∏ –¥–µ–Ω–µ–≥ –º–Ω–µ –Ω–µ –≤–µ—Ä–Ω—É–ª–∏, –Ω–∏ –ª–µ–≥–≥–∏–Ω—Å–æ–≤ –Ω–æ—Ä–º–∞–ª—å–Ω—ã—Ö –Ω–µ—Ç",rureviews
116657,"–ö—Ä–∞–π–Ω–µ –ø–µ—Ä–µ–æ—Ü–µ–Ω—ë–Ω–Ω–æ–µ –∞–Ω–∏–º–µ. –°–≤–æ–µ–π –æ—Ü–µ–Ω–∫–∏ –æ–Ω–æ –Ω–µ –¥–æ—Å—Ç–æ–π–Ω–æ. –ì–ì —Ç—Ä—è–ø–∫–∞, –∞ —Ç–∞–∫ –º–Ω–æ–≥–∏–º–∏ –ª—é–±–∏–º–∞—è –Æ–Ω–æ –ì–∞—Å–∞–π –ø—Ä–æ—Å—Ç–æ —à–ª–∞–∫–æ–≤—ã–π –ø–µ—Ä—Å–æ–Ω–∞–∂, –≤—ã–∑—ã–≤–∞—é—â–∏–π —Ç–æ–ª—å–∫–æ —Ä–∞–∑–¥—Ä–∞–∂–µ–Ω–∏–µ. –°–∞–º–∞ –∑–∞–¥—É–º–∫–∞ –∫—Ä–∞–π–Ω–µ –∏–Ω—Ç–µ—Ä–µ—Å–Ω–∞—è, –Ω–æ –æ–Ω–∞ –±—ã–ª–∞ —É–±–∏—Ç–∞ –∫ —Å–µ—Ä–µ–¥–∏–Ω–µ, —á—Ç–æ —Ç–æ—á–Ω–æ –ø–æ—á—É–≤—Å—Ç–≤–æ–≤–∞–ª–∏ –º–Ω–æ–≥–∏–µ –∑—Ä–∏—Ç–µ–ª–∏ —ç—Ç–æ–≥–æ —á—É–¥–∞. –õ–∏—á–Ω–æ –º–µ–Ω—è –ø–æ–∑–∞–±–∞–≤–∏–ª–∞ –£—Ä—é. –¢–∞–∫–æ–π –ø–µ—Ä—Å–æ–Ω–∞–∂ –Ω–µ —Ä–µ–¥–∫–æ—Å—Ç—å, –Ω–æ –≤ –¥–∞–Ω–Ω–æ–º —Ç–∞–π—Ç–ª–µ –∏–∑ –≤—Å–µ—Ö –ø–µ—Ä—Å–æ–Ω–∞–∂–µ–π –Ω–∞–∏–º–µ–Ω—å—à–µ–µ —Ä–∞–∑–¥—Ä–∞–∂–µ–Ω–∏–µ —É –º–µ–Ω—è –≤—ã–∑—ã–≤–∞–ª–∞ –∏–º–µ–Ω–Ω–æ –æ–Ω–∞. –ü—Ä–∏–¥–∏—Ä–∞—Ç—å—Å—è –∫ —Ä–∏—Å–æ–≤–∫–µ, –æ—Å–æ–±–µ–Ω–Ω–æ –∞–Ω–∏–º–µ 11-12 –≥–æ–¥–æ–≤ –∏–¥–µ—è –≥–Ω–∏–ª–∞—è, —Ç–∞–∫ —á—Ç–æ —ç—Ç–æ–≥–æ —è –¥–µ–ª–∞—Ç—å –Ω–µ –±—É–¥—É, –Ω–æ –æ—Ç–º–µ—á—É, —á—Ç–æ –≤ –º–æ–º–µ–Ω—Ç –≤—ã—Ö–æ–¥–∞ —ç—Ç–æ–≥–æ —Ç–∞–π—Ç–ª–∞ –æ–Ω–∞ –º–µ–Ω—è –Ω–µ –≤–ø–µ—á–∞—Ç–ª–∏–ª–∞ –Ω–∏–∫–∞–∫, –¥–∞–∂–µ —Å–∫–æ—Ä–µ–µ –±—ã–ª–∞ –±–ª–∏–∑–∫–æ –∫ –∑–≤–∞–Ω–∏—é –ø–ª–æ—Ö–æ–π. –î–∏–∑–∞–π–Ω –ø–µ—Ä—Å–æ–Ω–∞–∂–µ–π –¥–ª—è –º–µ–Ω—è —Ç–∞–∫ –∂–µ –Ω–µ –±—ã–ª –Ω–æ–≤—ã–º, —Ö–æ—Ç—è —Ç—É—Ç —É–∂–µ –¥–µ–ª–æ –æ–ø—ã—Ç–∞. –°–∞—É–Ω–¥—Ç—Ä–µ–∫–∏ –Ω–∞ —Å—Ä–µ–¥–Ω–µ–º —É—Ä–æ–≤–Ω–µ, –Ω–∏—á–µ–≥–æ –æ—Å–æ–±–µ–Ω–Ω–æ–≥–æ –∏–∑ —Å–µ–±—è –Ω–µ –ø—Ä–µ–¥—Å—Ç–∞–≤–ª—è—é—Ç. –ù–µ —Ä–µ–¥–∫–æ –¥–∞–∂–µ —É–±–∏–≤–∞—é—Ç –≤—Å—é –∞—Ç–º–æ—Å—Ñ–µ—Ä—É, —Ü–∞—Ä—è—â—É—é –≤ —ç—Ç–æ–º –∞–Ω–∏–º–µ. –ú–æ—è –õ–∏—á–Ω–∞—è –æ—Ü–µ–Ω–∫–∞ 5,5 –∏–∑ 10. –ù–∏—á–µ–≥–æ –∏–Ω—Ç–µ—Ä–µ—Å–Ω–æ–≥–æ —ç—Ç–æ—Ç —Ç–∞–π—Ç–ª –Ω–µ –ø—Ä–µ–¥—Å—Ç–∞–≤–ª—è–µ—Ç. –ï—Å—Ç—å –º–Ω–æ–∂–µ—Å—Ç–≤–æ –∫—É–¥–∞ –±–æ–ª–µ–µ –∏–Ω—Ç–µ—Ä–µ—Å–Ω—ã—Ö –∞–Ω–∏–º–µ, –∏–º–µ—é—â–∏—Ö –Ω–µ —Ç–æ–ª—å–∫–æ –º–µ–Ω—å—à—É—é –∏–∑–≤–µ—Å—Ç–Ω–æ—Å—Ç—å, –Ω–æ –∏ –æ—Ü–µ–Ω–∫—É. –ö –ø—Ä–æ—Å–º–æ—Ç—Ä—É –Ω–µ —Ä–µ–∫–æ–º–µ–Ω–¥—É—é.",anime
243836,"–í–æ–¥–∞ —Å –ø—Ä–∏–≤–∫—É—Å–æ–º, –≤–æ–∑–º–æ–∂–Ω–æ, —è–±–ª–æ–∫.",perekrestok
209666,"–î—É–º–∞—é —Å–æ–∑–¥–∞—Ç–µ–ª–∏ —Ñ–∏–ª—å–º–∞ –ø–æ—Ç–æ—Ä–æ–ø–∏–ª–∏—Å—å —Å —ç—Ç–∏–º –≤—ã–≤–æ–¥–æ–º! –î–∞, —Ñ–∏–ª—å–º –Ω–µ–ø–ª–æ—Ö–æ–π, –Ω–æ –≤—Å–µ –∂–µ —Å –ø–µ—Ä–≤—ã–º–∏ –¥–≤—É–º—è —á–∞—Å—Ç—è–º–∏ –µ–≥–æ —Å—Ä–∞–≤–Ω–∏—Ç—å –Ω–∏–∫–∞–∫ –Ω–µ–ª—å–∑—è!

–í–æ-–ø–µ—Ä–≤—ã—Ö —Ä–∞–∑–æ—á–∞—Ä–æ–≤–∞–Ω–∏–µ–º –±—ã–ª–æ —Ç–æ, —á—Ç–æ –≤ –≥–ª–∞–≤–Ω–æ–π —Ä–æ–ª–∏ –º—ã –Ω–µ —É–≤–∏–¥–µ–ª–∏  –ú–∞–∫–æ–ª–µ–π –ö–∞–ª–∫–∏–Ω–∞, –∏ —ç—Ç–æ –¥–µ–π—Å—Ç–≤–∏—Ç–µ–ª—å–Ω–æ –Ω–µ–ø—Ä–∏—è—Ç–Ω–æ —É–¥–∏–≤–∏–ª–æ. –î–∞, –ê–ª–µ–∫—Å –î. –õ–∏–Ω—Ü —Å–ø—Ä–∞–≤–∏–ª—Å—è —Å–æ —Å–≤–æ–µ–π —Ä–æ–ª—å—é —Ö–æ—Ä–æ—à–æ, –Ω–æ –≤—Å–µ –∂–µ, —É–∂–µ –Ω–µ —Ç–æ. 

–í–æ-–≤—Ç–æ—Ä—ã—Ö, –ø–æ —Å—Ä–∞–≤–Ω–µ–Ω–∏—é —Å –ø–µ—Ä–≤—ã–º–∏ —á–∞—Å—Ç—è–º–∏ –≥–ª–∞–≤–Ω—ã–π –≥–µ—Ä–æ–π —É–∂–µ –Ω–µ —Å–æ–≤—Å–µ–º –æ–¥–∏–Ω –¥–æ–º–∞, –µ–≥–æ —Å–µ–º—å—è –≤ –≥–æ—Ä–æ–¥–µ, –∏ –ø–æ –∑–≤–æ–Ω–∫—É –º–æ–≥—É—Ç –±—ã—Ç—å –¥–æ–º–∞, —ç—Ç–æ —Ç–æ–∂–µ –¥–µ–ª–∞–µ—Ç —Ñ–∏–ª—å–º –º–µ–Ω–µ–µ –∏–Ω—Ç–µ—Ä–µ—Å–Ω—ã–º.

–ò –≤ —Ç—Ä–µ—Ç—å–∏—Ö, –∑–ª–æ–¥–µ–∏. –í –ø—Ä–µ–¥—ã–¥—É—â–∏—Ö —á–∞—Å—Ç—è—Ö –æ–Ω–∏ –±—ã–ª–∏ —Å–º–µ—à–Ω—ã–º–∏ –Ω–µ—É–¥–∞—á–Ω–∏–∫–∞–º–∏, –∫–æ—Ç–æ—Ä—ã—Ö –¥–∞–∂–µ –Ω–µ–º–Ω–æ–≥–æ –∂–∞–ª–∫–æ, –∫–æ–≥–¥–∞ —Å –Ω–∏–º–∏ –ø—Ä–æ–∏—Å—Ö–æ–¥—è—Ç –≤—Å–µ '—Å—é—Ä–ø—Ä–∏–∑—ã' –ø—Ä–∏–≥–æ—Ç–æ–≤–ª–µ–Ω–Ω—ã–µ –ö–µ–≤–∏–Ω–æ–º, –∞ —Ç—É—Ç –ø—Ä—è–º –∫–∞–∫–∏–µ-—Ç–æ —É–±–∏–π—Ü—ã!

–í –æ–±—â–µ–º, –º–æ–∂–Ω–æ —Å–∫–∞–∑–∞—Ç—å, —á—Ç–æ —Ñ–∏–ª—å–º –ø–æ–ª—É—á–∏–ª—Å—è —Ö–æ—Ä–æ—à–∏–º, —à—É—Ç–∫–∏ —Å–º–µ—à–Ω—ã–µ, –∞–∫—Ç–µ—Ä—Å–∫–∏–π —Å–æ—Å—Ç–∞–≤ –¥–æ—Å—Ç–æ–π–Ω—ã–π, –Ω–æ —è –±—ã –Ω–µ —Å—Ç–∞–ª–∞ –Ω–∞–∑—ã–≤–∞—Ç—å —ç—Ç–æ—Ç —Ñ–∏–ª—å–º '–û–¥–∏–Ω –¥–æ–º–∞ 3', —Ç–æ–≥–¥–∞ –±—ã –æ–Ω –º–æ–≥ –∑–∞—Å–ª—É–∂–∏—Ç—å –æ—Ü–µ–Ω–∫—É –ø–æ–±–æ–ª—å—à–µ, –∏ –µ–≥–æ –Ω–µ —Å—Ç–∞–ª–∏ –±—ã –≤—Å–µ–≥–¥–∞ —Å—Ä–∞–≤–Ω–∏–≤–∞—Ç—å —Å –Ω–µ–æ—Ç—Ä–∞–∑–∏–º—ã–º–∏ '–û–¥–∏–Ω –¥–æ–º–∞' –∏ '–û–¥–∏–Ω –¥–æ–º–∞ 2: –ó–∞—Ç–µ—Ä—è–Ω–Ω—ã–π –≤ –ù—å—é-–ô–æ—Ä–∫–µ'

P.S. –ü—Ä–∏ –∂–µ–ª–∞–Ω–∏–∏ –º–æ–∂–Ω–æ –ø–æ—Å–º–æ—Ç—Ä–µ—Ç—å —ç—Ç–æ—Ç —Ñ–∏–ª—å–º. 

7 –∏–∑ 10",kinopoisk
175589,"–û—Ñ–æ—Ä–º–∏–ª–∞ –∑–∞–∫–∞–∑ –Ω–∞ —Å–∞–π—Ç–µ 60 6770 2685 9 –∏—é–ª—è –¥–æ–ª–∂–Ω—ã –±—ã–ª–∏ –ø—Ä–∏–≤–µ–∑—Ç–∏ 12. –î–æ 17 –ø–∏—Å–∞–ª–∞ –∫–∞–∂–¥—ã–π –¥–µ–Ω—å —É–∑–Ω–∞–≤–∞–ª–∞ —á—Ç–æ —Å –¥–æ—Å—Ç–∞–≤–∫–æ–π, –≥–æ–≤–æ—Ä—è—Ç –∑–∞–¥–µ—Ä–∂–∏–≤–∞–µ—Ç—Å—è. –í –∏—Ç–æ–≥–µ —Ç–æ–≤–∞—Ä –ø—Ä–æ–ª–µ–∂–∞–ª –≤ –º–∞–≥–∞–∑–∏–Ω–µ, –∏ –µ–≥–æ –æ—Ç–º–µ–Ω–∏–ª–∏!!! –°–æ—Ç—Ä—É–¥–Ω–∏–∫–∏ —Å–∞–º–∏ –Ω–µ –≤ –∫—É—Ä—Å–µ —á—Ç–æ —É –Ω–∏—Ö –ø—Ä–æ–∏—Å—Ö–æ–¥–∏—Ç, –ø–æ—Å—Ç–æ—è–Ω–Ω–æ –æ–¥–Ω–∏ –∏ —Ç–µ –∂–µ –æ—Ç–≤–µ—Ç—ã –∫–∞–∫ —Ä–æ–±–æ—Ç—ã!!!! –°–ø–∞—Å–∏–±–æ —á—Ç–æ –ø–æ–ø–æ–ª—å–∑–æ–≤–∞–ª–∏—Å—å –º–æ–∏–º–∏ –¥–µ–Ω—å–≥–∞–º–∏ 10 –¥–Ω–µ–π!!! –ù–µ –∏–∑–≤–µ–Ω–µ–Ω–∏–π, –Ω–∏ –∑–∞–∫–∞–∑–∞. –ë–æ–ª—å—à–µ –∑–∞—Ä–∞–Ω–µ–µ –Ω–µ –±—É–¥—É –ø–ª–∞—Ç–∏—Ç—å –ø–æ—Å—Ç–æ—è–Ω–Ω–æ —É –Ω–∏—Ö –ø—Ä–æ–±–ª–µ–º—ã!!! –ò —Å–∫–∞–∑–∞–ª–∏ –∑–∞–Ω–æ–≤–æ –≤–µ—Ä–Ω—É—Ç—å –Ω–µ–ª—å–∑—è, –º–æ–ª–æ–¥—Ü—ã!!!
",geo
12547,–í –≥—Ä—É–¥–∏ –∫–∞–∫-—Ç–æ –Ω–µ–ø–æ–Ω—è—Ç–Ω–æ —Å–∏–¥–∏—Ç.. –Ω–µ –ø–æ–Ω—Ä–∞–≤–∏–ª–æ—Å—å ,rureviews
74035,"–¢–æ–≤–∞—Ä –Ω–µ –ø—Ä–∏—à—ë–ª. –ü—Ä–æ–¥–∞–≤–µ—Ü –Ω–µ—Å–∫–æ–ª—å–∫–æ —Ä–∞–∑ –ø—Ä–æ—Å–∏–ª –æ—Ç–º–µ–Ω–∏—Ç—å –±—Ä–æ–Ω—å , –Ω–æ –ø–æ –∏—Ç–æ–≥—É —á–µ—Ä–µ–∑ 2 –º–µ—Å—è—Ü–∞ –≤–µ—Ä–Ω—É–ª –¥–µ–Ω—å–≥–∏. ",rureviews
176327,"–ë—ã–ª –Ω–∞ –¥–Ω—è—Ö –≤ –±—ã–≤—à–µ–º –§–ª–∞–≥–º–∞–Ω–µ BSB –∫–æ—Ç–æ—Ä—ã–π –ø–µ—Ä–µ–µ—Ö–∞–ª –≤ –Ω–µ–ø–æ–Ω—è—Ç–Ω—ã–π –∑–∞–∫—É—Ç–æ–∫ –∏ –ø–æ–º–µ—â–µ–Ω–∏–µ, –Ω–µ–ø–æ–Ω—è—Ç–Ω–æ –¥–æ —á–µ–≥–æ —Å–∫–∞—Ç–∏–ª–∏—Å—å –∏ —è —Ç–æ—á–Ω–æ –Ω–µ –∫–æ–º—É –Ω–µ –ø–æ—Ä–µ–∫–æ–º–µ–Ω–¥—É—é –¥–∞–Ω–Ω–æ–µ –∑–∞–≤–µ–¥–µ–Ω–∏–µ —ç—Ç–æ –µ–¥–µ–Ω–∏—Ü–∞ 1* –∑–∞ –ø–æ–º–µ—â–µ–Ω–∏–µ –∏ —Ç–æ —á—Ç–æ —Å–µ–π—á–∞—Å –≥–æ—Ç–æ–≤—è—Ç, –∫—Ç–æ —Ç–æ –∫–æ–≥–¥–∞ —Ç–æ –∏ –≥–¥–µ-—Ç–æ —Ä–µ—à–∏–ª –ø–æ–º–µ–Ω—è—Ç—å —Ä–µ—Ü–µ–ø—Ç—É—Ä—É –∏ —Å—ç–∫–æ–Ω–æ–º–∏—Ç—å –æ—Ç–∫–∞–∑–∞–≤—à–∏—Å—å –æ—Ç —Ñ–∞—Ä—à–∞ –ø—Ä–∞–π–º–±–∏—Ñ –∏ –±–µ–∫–æ–Ω–∞ –∏–∑ –∏–Ω–¥–µ–π–∫–∏, –∑–∞–∫–∞–∑–∞–ª –¥–≤–æ–π–Ω—É—é –∫–ª–∞—Å—Å–∏–∫—É —Å –±–ª—ç–∫ –ê–Ω–≥—É—Å —Å –º—Ä–∞–º–æ—Ä–Ω–æ–π –≥–æ–≤—è–¥–∏–Ω–æ–π –∫–æ—Ç–æ—Ä–æ–π –¥–∞–∂–µ –±–ª–∏–∑–∫–æ –Ω–µ –ø–∞—Ö–ª–æ –∏ –Ω–µ–ø–æ–Ω—è—Ç–Ω–æ –∫–∞–∫ –ø—Ä–∏–≥–æ—Ç–æ–≤–ª–µ–Ω–∞ –∏ —á—Ç–æ –º–Ω–µ –ø–æ–¥–∞–ª–∏ —Ç–æ —á—Ç–æ —Å–º–æ–≥ —Å—ä–µ—Å—Ç—å —á—É—Ç—å –±–æ–ª—å—à–µ –ø–æ–ª–æ–≤–∏–Ω—ã –∫–æ—Ç–æ—Ä–æ–π –¥–∞–≤–∏–ª—Å—è —Ç–∞–∫ –∫–∞–∫ –±—É—Ä–≥–µ—Ä —Å —Ç–∞–∫ –Ω–∞–∑—ã–≤–∞–µ–º–æ–π –º—Ä–∞–º–æ—Ä–Ω–æ–π –≥–æ–≤—è–¥–∏–Ω–æ–π –≤—ã—à–µ–ª –≤ 710‚ÇΩ –∏ –ø—Ä–æ—Å—Ç–æ –±—ã–ª–æ –∂–∞–ª—å –ø–æ—Ç—Ä–∞—á–µ–Ω–Ω—ã—Ö –¥–µ–Ω–µ–≥, –±–æ–ª—å—à–µ —Ç–æ—á–Ω–æ –Ω–µ –ø–æ–π–¥—É –∏ –Ω–µ —Ä–µ–∫–æ–º–µ–Ω–¥—É—é –Ω–µ –∫–æ–º—É!!! 20.03.23 –∑–∞–∫–∞–∑ –í49 –≤ 21:29 —Ö–æ—Ç–µ–ª–æ—Å—å –±—ã –ø–æ–∂–µ–ª–∞—Ç—å —Å–∫–æ—Ä–µ–π—à–µ–≥–æ –∑–∞–∫—Ä—ã—Ç–∏—è.....
",geo
142398,"–ù–µ –º–æ–≥—É –∑–∞–∫–∞–∑–∞—Ç—å —Ç–∞–±–ª–µ—Ç–∫–∏ –õ–æ—Ä—Ç–µ–Ω–∑–∞ 5+50  ‚úì90
",geo
172194,"–£–∂–∏–Ω–∞–ª–∏ —Å–µ–≥–æ–¥–Ω—è –≤ –¥–∞–Ω–Ω–æ–º –∫–∞—Ñ–µ. –ò –∑–∞ —Å–æ—Å–µ–¥–Ω–∏–º —Å—Ç–æ–ª–æ–º —Å –Ω–∞–º–∏ —Å–∏–¥–µ–ª, –∞ —Ç–æ—á–Ω–µ–µ —Å–ø–∞–ª, —á–µ–ª–æ–≤–µ–∫ –±–µ–∑ –æ–ø—Ä–µ–¥–µ–ª—ë–Ω–Ω–æ–≥–æ –º–µ—Å—Ç–∞ –∂–∏—Ç–µ–ª—å—Å—Ç–≤–∞. –ù–∞ –ø–µ—Ä–≤–æ–º —ç—Ç–∞–∂–µ –≤ –º–µ—Å—Ç–µ, –≥–¥–µ –ø—Ä–æ–¥–∞—é—Ç —Ö–æ—Ç-–¥–æ–≥–∏, –µ–º—É –¥–∞–∂–µ –Ω–∞–ª–∏–≤–∞–ª–∏ –∫–∏–ø—è—Ç–æ–∫ –≤ —Å—Ç–∞–∫–∞–Ω –∏–∑ –ú–∞–∫–¥–æ–Ω–∞–ª—å–¥—Å–∞. –ù–µ–ø—Ä–∏—è—Ç–Ω–æ, –º—è–≥–∫–æ –≥–æ–≤–æ—Ä—è. –°—É–¥—è –ø–æ –ø–æ–≤–µ–¥–µ–Ω–∏—é, –æ–Ω –±—ã–ª –Ω–µ —Å–æ–≤—Å–µ–º —Ç—Ä–µ–∑–≤, –ª–∏–±–æ –∂–µ –ø—Ä–µ–±—ã–≤–∞–ª –≤ –ø–æ—Ö–º–µ–ª—å–µ. \n–ì—Ä—è–∑–Ω—ã–µ –∑–∞–ª—è–ø–∞–Ω–Ω—ã–µ —Å—Ç–µ–Ω—ã, –≤ –∑–∞–ª–µ —Ç–æ–∂–µ –Ω–µ –æ—á–µ–Ω—å-—Ç–æ —á–∏—Å—Ç–æ, —Ç—Ä–µ–±—É–µ—Ç—Å—è –∫–æ—Å–º–µ—Ç–∏—á–µ—Å–∫–∏–π —Ä–µ–º–æ–Ω—Ç. –†–∞–Ω—å—à–µ –≤ —Ç—É–∞–ª–µ—Ç–µ –Ω–µ –±—ã–ª–æ –≥–æ—Ä—è—á–µ–π –≤–æ–¥—ã, —Å–µ–≥–æ–¥–Ω—è –Ω–µ —Ä–µ—à–∏–ª–∏—Å—å –∑–∞—Ö–æ–¥–∏—Ç—å –ø–æ—Å–ª–µ –ø–æ—Å–µ—Ç–∏—Ç–µ–ª—è –∑–∞ —Å–æ—Å–µ–¥–Ω–∏–º —Å—Ç–æ–ª–∏–∫–æ–º. \n\n–†–∞–Ω—å—à–µ –±—ã–ª–∏ –ø–æ—Å—Ç–æ—è–Ω–Ω—ã–º–∏ –ø–æ—Å–µ—Ç–∏—Ç–µ–ª—è–º–∏ –¥–∞–Ω–Ω–æ–≥–æ –∫–∞—Ñ–µ, –ø—Ä–∏–µ–∑–∂–∞–ª–∏ —Å–ø–µ—Ü–∏–∞–ª—å–Ω–æ –∏–∑ —Å–æ—Å–µ–¥–Ω–µ–≥–æ —Ä–∞–π–æ–Ω–∞. –ë—ã–ª–æ –≤–∫—É—Å–Ω–æ, –∏ –≤—Å–µ–≥–¥–∞ –º–Ω–æ–≥–æ –ª—é–¥–µ–π. –í –ø–æ—Å–ª–µ–¥–Ω–µ–µ –≤—Ä–µ–º—è —Å—Ç–∞–ª–æ —Å—Ç–∞–Ω–æ–≤–∏—Ç—å—Å—è —Ö—É–∂–µ –∏ —Ö—É–∂–µ, –∞ —Å–µ–≥–æ–¥–Ω—è –∏ –≤–æ–≤—Å–µ —É–∂–µ –Ω–µ–ø—Ä–∏—è—Ç–Ω–æ –Ω–∞—Ö–æ–¥–∏—Ç—å—Å—è. –ü–æ –∫—É—Ö–Ω–µ —Ç–æ–∂–µ —Å—Ç–∞–ª–æ —Ö—É–∂–µ.\n
",geo
51070,"–ó–∞–∫–∞–∑–∞–ª–∞ xl –Ω–∞ —Ä—É—Å 46, –±–æ–ª—å—à–æ–µ –æ–∫–∞–∑–∞–ª–æ—Å—å –Ω–∞–¥–æ –±—ã–ª–æ –Ω–∞ —Ä–∞–∑–º–µ—Ä –º–µ–Ω—å—à–µ –±—Ä–∞—Ç—å, –Ω–æ –ø–ª–∞—Ç—å–µ –æ—á–µ–Ω—å –∫—Ä–∞—Å–∏–≤–æ–µ –±–µ–∑ –∏–∑—å—è–Ω–æ–≤. –°–ø–∞—Å–∏–±–æ –ø—Ä–æ–¥–∞–≤—Ü—É!",rureviews
156214,"–û—Ç–µ–ª—å –ø–æ–Ω—Ä–∞–≤–∏–ª—Å—è, –∞–Ω–∏–º–∞—Ü–∏—è –¥–ª—è –¥–µ—Ç–µ–π –∏ –≤–∑—Ä–æ—Å–ª—ã—Ö —Ä—á–µ–Ω—å —Ö–æ—Ä–æ—à–∞—è. –ê –ù–æ–≤–æ–≥–æ–¥–Ω–∏–π —É–∂–∏–Ω,–ø—Ä–æ—Å—Ç–æ –®–∏–∫–∞—Ä–Ω—ã–π!!! –í—Å–µ –æ—á–µ–Ω—å –≤–∫—É—Å–Ω–æ,–≤–µ—Å–µ–ª–æ,–ø—Ä–µ–∫—Ä–∞—Å–Ω–æ! –ú–æ–ª–æ–¥—Ü—ã! –†–µ–∫–æ–º–µ–Ω–¥—É—é —ç—Ç–æ—Ç –æ—Ç–µ–ª—å!
",geo
24271,"–ù–∏—á–µ–≥–æ,–≤ —Ü–µ–ª–æ–º. –ù–æ –Ω–∞ –ø–ª–µ—á–µ –¥—ã—Ä–∫–∞, –∏ –Ω–∏—Ç–∫–∏ –∫–æ–µ –≥–¥–µ —Ç–æ—Ä—á–∞—Ç... –ü–æ—ç—Ç–æ–º—É 3",rureviews
141327,"–ü–µ—Ä–µ–Ω–æ—á–µ–≤–∞–ª–∏ –≤ –æ—Ç–µ–ª–µ –Ω–æ—Ä–º–∞–ª—å–Ω–æ, –Ω–æ –±–æ–ª—å—à–µ —Å–Ω–∏–º–∞—Ç—å –µ–≥–æ —è –±—ã –Ω–µ —Å—Ç–∞–ª. –°–Ω–∏–º–∞–ª–∏ —Å—Ç–∞–Ω–¥–∞—Ä—Ç –Ω–∞ —Ç—Ä–µ—Ç—å–µ–º —ç—Ç–∞–∂–µ. –•—Ä–∞–ø —Å–æ—Å–µ–¥–µ–π —Å–ª—ã—à–∞–Ω, —Ä–∞–∑–≥–æ–≤–æ—Ä –ª—é–¥–µ–π –≤ –∫–æ—Ä–∏–¥–æ—Ä–µ —Å–ª—ã—à–µ–Ω, –∫—Ä–æ–≤–∞—Ç—å —É–∑–∫–∞—è, –æ–¥–µ—è–ª–æ –ø–æ–ª—É—Ç–æ—Ä–Ω–æ–µ –æ–¥–Ω–æ –Ω–∞ –¥–≤–æ–∏—Ö. \n–°–∞–Ω—É–∑–µ–ª —á–∏—Å—Ç—ã–π, –º–µ–±–µ–ª—å +/- –∞–∫–∫—É—Ä–∞—Ç–Ω–∞—è. \n–í–∏–¥ –Ω–∞ —Ç—É–±–¥–∏—Å–ø–∞–Ω—Å–µ—Ä –∏ —Å—Ç—Ä–æ–π–∫—É ( —Å–º. –§–æ—Ç–æ) \n\n–ï–¥–∞ - —É–∂–∞—Å! –í–æ-–ø–µ—Ä–≤—ã—Ö –∑–∞ –Ω–µ—ë –±–æ–π –Ω–µ –Ω–∞ –∂–∏–∑–Ω—å, –∞ –Ω–∞ —Å–º–µ—Ä—Ç—å, –∫–æ–≥–¥–∞ —è —Å–ø—É—Å—Ç–∏—Ç—å—Å—è –≤ 10 —É—Ç—Ä–∞, –º–Ω–µ –æ—Å—Ç–∞–ª–∏—Å—å —Ç–æ–ª—å–∫–æ –≤–∞—Ñ–ª–∏ –∏ —è–∏—á–Ω–∏—Ü–∞ –Ω–∞ –∑–∞–∫–∞–∑. –ù–∞–ø–∏—Ç–∫–æ–≤ –≤–æ–æ–±—â–µ –Ω–µ –±—ã–ª–æ, –ø–æ—Ç–æ–º –≤—ã–Ω–µ—Å–ª–∏ —Å–æ—Å–∫–∏, –ø–æ –≤–∫—É—Å—É - —Å—ã—Ä—ã–µ. –ü–æ—Ç–æ–º —Å—ã—Ä, —É—Å–ø–µ–ª –≤—ã—Ö–≤–∞—Ç–∏—Ç—å –ø–∞—Ä—É –∫—É—Å–∫–æ–≤, –ø–æ–∫–∞ –Ω–µ —Ä–∞–∑–æ–±—Ä–∞–ª–∏. –û–≥—É—Ä–µ—Ü —É—Å–ø–µ–ª –≤—ã—Ö–≤–∞—Ç–∏—Ç—å –ø–æ —Å–ª–µ–¥—É—é—â–µ–π —Ä–∞–∑–¥–∞—á–µ. –°–æ–∫ —É—Å–ø–µ–ª –æ–¥–∏–Ω —Å—Ç–∞–∫–∞–Ω –Ω–∞–ª–∏—Ç—å. –ö–∞–∫-—Ç–æ –ø–æ–µ–ª–∏, –Ω–æ —ç—Ç–æ –±—ã–ª–æ –ø—Ä—è–º–æ –∫–≤–µ—Å—Ç –Ω–∞ –≤—ã–∂–∏–≤–∞–Ω–∏–µ - –ø–æ–µ—Å—Ç –±—ã—Å—Ç—Ä–µ–π—à–∏–π.
",geo
157770,"–ö–∞–∫ –∂–µ –∑–¥–æ—Ä–æ–≤–æ, —á—Ç–æ –≤ –Ω–∞—à–µ–º —Ä–∞–π–æ–Ω–µ —Ñ—É–Ω–∫—Ü–∏–æ–Ω–∏—Ä—É–µ—Ç –ø—É–Ω–∫—Ç –≤—ã–¥–∞—á–∏ –∑–∞–∫–∞–∑–æ–≤! –ü—Ä–∏–≤–µ—Ç–ª–∏–≤—ã–π –ø–µ—Ä—Å–æ–Ω–∞–ª, —Ä–∞–±–æ—Ç–∞—é—à–∏–π –æ–ø–µ—Ä–∞—Ç–∏–≤–Ω–æ –∏ –∫–∞—á–µ—Å—Ç–≤–µ–Ω–Ω–æ. –û—á–µ–Ω—å —É–¥–æ–±–Ω–æ–µ –º–µ—Å—Ç–æ —Ä–∞—Å–ø–æ–ª–æ–∂–µ–Ω–∏—è.
",geo
104373,"–ê–Ω–∏–º–µ –ø–æ—Å–º–æ—Ç—Ä–µ–ª –æ—Ç–Ω–æ—Å–∏—Ç–µ–ª—å–Ω–æ –¥–∞–≤–Ω–æ –Ω–æ –æ—Ç–∑—ã–≤ —Ä–µ—à–∏–ª –æ—Å—Ç–∞–≤–∏—Ç—å —Ç–æ–ª—å–∫–æ —Å–µ–π—á–∞—Å ! !–û–¥–Ω–æ –∏–∑ –ª—É—á—à–∏—Ö –∞–Ω–∏–º–µ –≤ –∂–∞–Ω—Ä–µ –∫–æ–º–µ–¥–∏–∏ –∏ —à–∫–æ–ª—ã –∫–æ—Ç–æ—Ä–æ–µ –∑–∞—Å—Ç–∞–≤–ª—è–µ—Ç –Ω–µ–ø—Ä–æ—Å—Ç–æ —É–ª—ã–±–Ω—É—Ç—Å—è –∞ –ø—Ä–æ—Å—Ç–æ –Ω–∞–ø—Ä–æ—Å—Ç–æ –≤–∞–ª—è—Ç—å—Å—è –ø–æ–¥ —Å—Ç–æ–ª–æ–º –ø–æ—Å–ª–µ –ø—Ä–æ—Å—Ç–º–æ—Ç—Ä–∞ –∫–∞–∂–¥–æ–π —Å–µ—Ä–∏–∏ . .–°—é–∂–µ—Ç —Å–æ —Å–º—ã—Å–ª–æ–º –Ω–æ –Ω–µ–∑–∞–º—ã—Å–ª–æ–≤–∞—Ç —á—Ç–æ –ø–æ–¥—Ö–æ–¥–∏—Ç –¥–ª—è —à–∏—Ä–æ–∫–æ–π –∞—É–¥–∏—Ç–æ—Ä–∏–∏ –∫–æ—Ç–æ—Ä–∞—è –ª—é–±–∏—Ç –ø—Ä–æ–≤–µ—Å—Ç–∏ –Ω–æ—á–∫—É –¥—Ä—É–≥—É—é –≤ –∫–∞–º–ø–∞–Ω–∏–∏ –≤–µ—Å–µ–ª—ã—Ö –∏ –±—É–π–Ω—ã—Ö —à–∫–æ–ª—å–Ω–∏–∫–æ–≤ –∫–∞—Ç–æ—Ä—ã–µ –∫–∞–∂–¥—ã–π –¥–µ–Ω—å –ø—Ä–æ–≤–æ–¥—è—Ç –≤ –ø–æ–ø—ã—Ç–∫–µ –ø–æ–º–æ—á –¥—Ä—É–∑—å—è–º –≤ –±–µ–¥–µ ! P.S : –õ–∏—á–Ω–æ –æ—Ç —Å–µ–±—è –ø—Ä–æ—Å—Ç–æ —É–≥–∞—Ä–∞–ª –æ—Ç –ø—Ä–æ—Å–º–æ—Ç—Ä–∞ –∫–∞–∂–¥–æ–π —Å–µ—Ä–∏–∏ , –∑–∞—Ü–µ–ø–∏–ª–∞ –ø–æ–ø—ã—Ç–∫–∏ –°–ö–ï–¢-–∞ –æ—Å–æ–±–µ–Ω–æ –ø–∞—Ä–Ω–µ–π –≤ –ø–æ–ø—ã—Ç–∫–µ —Ä–∞–∑–æ–±—Ä–∞—Ü–∞ —Å —Ö—É–ª–∏–≥–∞–Ω–∞–º–∏ –∏–ª–∏ –ø—Ä–æ—Å—Ç–æ –ø–æ–Ω—è—Ç —á—Ç–æ –≤ –Ω–∏—Ö –≤–ª—é–±–∏–ª–∏—Å—å –¥–µ–≤—É—à–∫–∏ ! –°—Ç–∞–≤–ª—é 10 —Å 10 –∑–∞ –ö—Ä—É—Ç–æ–µ –∞–Ω–∏–º–µ –æ—Ç –ö—ç–Ω—Ç–∞ –°–∏–Ω–æ—Ö–∞—Ä—ã",anime
263681,"–†–∞–Ω—å—à–µ –≤—Å–µ–≥–¥–∞ –±—Ä–∞–ª–∏ –∏–º–µ–Ω–Ω–æ —ç—Ç—É –≤–æ–¥—É,–Ω–æ –ø–æ—Å–ª–µ–¥–Ω–µ–µ –≤—Ä–µ–º—è –∫–∞—á–µ—Å—Ç–≤–æ —É–ø–∞–ª–æ. 
–í–æ-–ø–µ—Ä–≤—ã—Ö,—Ç–µ–ø–µ—Ä—å –±—É—Ç—ã–ª–∫–∏ –Ω–∞–ª–∏–≤–∞—é—Ç—Å—è –≤—Å–∫–ª—è–Ω—å,—á—Ç–æ –æ—á–µ–Ω—å —Å—Ç—Ä–∞–Ω–Ω–æ. –í–æ-–≤—Ç–æ—Ä—ã—Ö,—Å—Ç–∞–ª–æ –æ—Å—Ç–∞–≤–∞—Ç—å—Å—è –æ—á–µ–Ω—å –º–Ω–æ–≥–æ –Ω–∞–∫–∏–ø–∏ –æ—Ç –Ω–µ–µ. –í-—Ç—Ä–µ—Ç—å–∏—Ö,–∏ —Å–∞–º–æ–µ –≥–ª–∞–≤–Ω–æ–µ,–ø–æ–∂–∞–ª—É–π,–∏–∑–º–µ–Ω–∏–ª—Å—è –≤–∫—É—Å.",perekrestok
133179,"–ù–∞—á–∏—Ç–∞–≤—à–∏—Å—å —Ä–µ–∫–ª–∞–º—ã –ø—Ä–∏ –ª–∏—á–Ω–æ–º –ø–æ—Å–µ—â–µ–Ω–∏–∏ –Ω–µ–º–Ω–æ–≥–æ —Ä–∞–∑–æ—á–∞—Ä–æ–≤–∞–ª–∏—Å—å. –í–æ–ª—å–µ—Ä—ã –±–æ–ª—å—à–∏–µ, —Å–≤–æ–±–æ–¥–Ω—ã–µ, –∂–∏–≤–æ—Ç–Ω—ã–º —Ö–æ—Ä–æ—à–æ, –µ—Å—Ç—å –≥–¥–µ —Å–ø—Ä—è—Ç–∞—Ç—å—Å—è –≤ –æ—Ç–¥–∞–ª–µ–Ω–∏–∏ –æ—Ç –ø–æ—Å–µ—Ç–∏—Ç–µ–ª–µ–π. –í –ø—Ä–æ–º–µ–∂—É—Ç–æ–∫ —Å 11 –¥–æ 13 —á–∞—Å–æ–≤ –≤ –æ—Å–Ω–æ–≤–Ω–æ–º —Å–ø–∞–ª–∏. –ö –ø–µ—Ä–Ω–∞—Ç—ã–º –ø—Ä–µ—Ç–µ–Ω–∑–∏–π –Ω–µ—Ç.
",geo
14129,"–º–∞–ª–æ–º–µ—Ä–∫–∞, –∑–∞–∫–∞–∑—ã–≤–∞—Ç—å –Ω–∞–¥–æ –Ω–∞ —Ä–∞–∑–º–µ—Ä –±–æ–ª—å—à–µ",rureviews
56737,–ü–ª–∞—Ç—å–µ –ø—Ä–æ—Å—Ç–æ —Å—É–ø–µ—Ä. –î–æ—Å—Ç–∞–≤–∫–∞ –±—ã—Å—Ç—Ä–∞—è,rureviews
39129,"–ö–∞—á–µ—Å—Ç–≤–æ —Ö–æ—Ä–æ—à–µ–µ, –±—ã—Å—Ç—Ä–æ –¥–æ—Å—Ç–∞–≤–∏–ª–∏, –∑–∞–ø–∞—Ö–∞ –Ω–µ—Ç. –†–µ–∫–æ–º–µ–Ω–¥—É—é",rureviews
89994,"–ù–µ —Å–∫–∞–∑–∞—Ç—å, —á—Ç–æ –º–∞–Ω–≥–∞ –ø—Ä—è–º —Å—É–ø–µ—Ä, –Ω–æ –¥–æ—Å—Ç–∞—Ç–æ—á–Ω–æ –Ω–µ–ø–ª–æ—Ö–∞—è. –ù–∞ –æ–¥–∏–Ω —Ä–∞–∑ –ø–æ—á–∏—Ç–∞—Ç—å - –≤–ø–æ–ª–Ω–µ.–ï—â—ë –æ—á–µ–Ω—å –ø—Ä–∏—è—Ç–Ω–æ –Ω–∞–±–ª—é–¥–∞—Ç—å –∑–∞ —Ç–µ–º, –∫–∞–∫ –º–∞–Ω–≥–∞–∫–∞ —Ä–∞–∑–≤–∏–≤–∞–ª–∞—Å—å –Ω–∞ –ø—Ä–æ—Ç—è–∂–µ–Ω–∏–∏ –≤—Å–µ–π –∏—Å—Ç–æ—Ä–∏–∏. –ö –ø–æ—Å–ª–µ–¥–Ω–∏–º –≥–ª–∞–≤–∞–º —Ä–∏—Å–æ–≤–∫–∞ —Å—Ç–∞–ª–∞ —Ç–∞–∫–æ–π –∑–¥–æ—Ä–æ–≤—Å–∫–æ–π. –≠—Ç–æ –ø—Ä–∏—è—Ç–Ω–æ –≤–∏–¥–µ—Ç—å. –ù–æ –≤–æ—Ç –ø—Ä–æ—Å—Ç–æ —É–º–∏—Ä–∞—é —Å —ç—Ç–æ–π –ø—Ä–æ–ø–∞—Å—Ç–∏ –º–µ–∂–¥—É –æ—Ä–∏–≥–∏–Ω–∞–ª–æ–º –∏ –∞–Ω–∏–º–µ... –ö–∞–∫ –º–æ–∂–Ω–æ –±—ã–ª–æ —Ç–∞–∫ –ø–ª–æ—Ö–æ —ç–∫—Ä–∞–Ω–∏–∑–∏—Ä–æ–≤–∞—Ç—å, —Å–ª–∏—Ç—å –ø—Ä–æ—Å—Ç–æ –≤—Å–µ—Ö –ø–µ—Ä—Å–æ–Ω–∞–∂–µ–π –≤–º–µ—Å—Ç–µ —Å –ª–æ–≥–∏–∫–æ–π –∏ –∑–∞—á–µ–º-—Ç–æ –æ—á–µ–Ω—å –Ω–µ—É–º–µ–ª–æ –≤–ø–ª–µ—Å—Ç–∏ —Å—ë–Ω—ç–Ω-–∞–π —Å –≥–ª—É–ø–µ–π—à–∏–º–∏ —Ñ–∏–ª–ª–µ—Ä–∞–º–∏.–í–æ—Ç –ø–æ—á–∏—Ç–∞—Ç—å –º–æ–∂–Ω–æ, –∞ –∞–Ω–∏–º–µ —Å–º–æ—Ç—Ä–µ—Ç—å —è–≤–Ω–æ –Ω–µ —Å—Ç–æ–∏—Ç.",anime
209682,"–≠—Ç–æ –∫–∏–Ω–æ –ø—Ä–æ —Ç–æ, –∫–∞–∫ –±–æ–º–∂ –Ω–∞–≤–æ–¥–∏–ª –ø–æ—Ä—è–¥–æ–∫ –≤ –≥–æ—Ä–æ–¥–µ. –ò –¥–µ–ª–∞–ª —ç—Ç–æ —Å –ø–æ–º–æ—â—å—é –¥—Ä–æ–±–æ–≤–∏–∫–∞. –ù—É, —Å–º—ã—Å–ª, –ø–æ–∂–∞–ª—É–π, –∑–¥–µ—Å—å –µ—Å—Ç—å. –ì–æ—Ä–æ–¥, –≤ –∫–æ—Ç–æ—Ä—ã–π –ø—Ä–∏–µ–∑–∂–∞–µ—Ç –±–æ–º–∂, –ø—Ä–æ–≥–Ω–∏–ª –º–æ—Ä–∞–ª—å–Ω–æ –Ω–∞ —Å—Ç–æ–ª—å–∫–æ —á—Ç–æ, –ø–æ —Å—Ä–µ–¥–∏ –±–µ–ª–æ–≥–æ –¥–Ω—è –ª—é–¥—è–º –æ—Ç—Ä—ã–≤–∞—é—Ç –≥–æ–ª–æ–≤—ã –∏ –Ω–∏—á–µ–≥–æ –Ω–∏–∫—Ç–æ –ø–æ–¥–µ–ª–∞—Ç—å –Ω–µ –º–æ–∂–µ—Ç. –ê –∑–∞–ø—Ä–∞–≤–ª—è–µ—Ç –≤—Å–µ–º, –∫–∞–∫–æ–π —Ç–æ –æ—Ç–º–æ—Ä–æ–∑–æ–∫ –î—Ä–µ–π–∫ –∏ –¥–≤–∞ –µ–≥–æ —Ç–∞–∫–∏—Ö –∂–µ –æ—Ç–º–æ—Ä–æ–∂–µ–Ω–Ω—ã—Ö —Å—ã–Ω–∞. –õ—é–¥–∏ –≤ —ç—Ç–æ–º –≥–æ—Ä–æ–¥–µ –Ω–∏—á–µ–≥–æ –Ω–µ —Å—Ç–æ—è—Ç, –æ–Ω–∏ –ø—Ä–æ—Å—Ç–æ –º—è—Å–æ. –ù—É, –≤—Å—ë –∂–µ –æ—á–µ–Ω—å —Å—Ç—Ä–∞–Ω–Ω–æ —á—Ç–æ, –Ω–∏–∫—Ç–æ –¥–æ –±–æ–º–∂–∞ –Ω–µ –ø—ã—Ç–∞–ª—Å—è –Ω–∏—á–µ–≥–æ –ø–æ–º–µ–Ω—è—Ç—å. –ò –∫–∞–∫ –≤–æ–æ–±—â–µ –¥–æ —Ç–∞–∫–æ–≥–æ –º–æ–∂–Ω–æ –¥–æ–∫–∞—Ç–∏—Ç—å—Å—è. –í–µ–¥—å –≤—Ä–æ–¥–µ –±—ã –≤ —ç—Ç–æ–º –≥–æ—Ä–æ–¥–µ –µ—â—ë –æ—Å—Ç–∞–ª–∏—Å—å –Ω–æ—Ä–º–∞–ª—å–Ω—ã–µ –ª—é–¥–∏. –•–æ—Ç—è, —É–≤–∏–¥–µ–≤, —á—Ç–æ —Ç–∞–º —Ç–≤–æ—Ä–∏—Ç—å—Å—è –Ω–æ—Ä–º–∞–ª—å–Ω—ã–º —É–∂–µ –Ω–µ –±—É–¥–µ—à—å. –ò –≤–æ—Ç –≤ –æ–¥–∏–Ω –ø—Ä–µ–∫—Ä–∞—Å–Ω—ã–π –¥–µ–Ω—å –±–æ–º–∂ –±–µ—Ä—ë—Ç –¥—Ä–æ–±–æ–≤–∏–∫, —Ö–æ—Ç—è –æ–Ω –æ—á–µ–Ω—å —Ö–æ—Ç–µ–ª –≥–∞–∑–æ–Ω–æ–∫–æ—Å–∏–ª–∫—É. –ò –Ω–∞—á–∏–Ω–∞–µ—Ç –º–æ—á–∏—Ç—å –∏–ª–∏ –¥–∞–∂–µ —Å–∫–∞–∑–∞—Ç—å –º–µ—Ç–∞—Ç—å –∏ —Ä–≤–∞—Ç—å –ø–ª–æ—Ö–∏—Ö –ø–∞—Ä–Ω–µ–π. 

–ö—Ä–æ–≤–∏ –∏ –≤–Ω—É—Ç—Ä–µ–Ω–Ω–æ—Å—Ç–µ–π —Ç—É—Ç –ø—Ä–µ–¥–æ—Å—Ç–∞—Ç–æ—á–Ω–æ. –ò–Ω–æ–≥–¥–∞ —Å–∫–ª–∞–¥—ã–≤–∞–ª–æ—Å—å –æ—â—É—â–µ–Ω–∏–µ, —á—Ç–æ —Ç–∞–∫–æ–π —Å—é–∂–µ—Ç –ø—Ä–∏–¥—É–º–∞–ª–∏, —á—Ç–æ–±—ã –æ—Ç –¥—É—à–∏ –ø–æ—Å—Ç—Ä–µ–ª—è—Ç—å –∏ –ø–æ–∫–∞–∑–∞—Ç—å –Ω–∞–º –≤—Å–µ –ø—Ä–µ–ª–µ—Å—Ç—å —á–µ–ª–æ–≤–µ—á–µ—Å–∫–æ–≥–æ –æ—Ä–≥–∞–Ω–∏–∑–º–∞. –í–µ–¥—å –∑–¥–µ—Å—å —Ü–µ–ª—ã–π –≥–æ—Ä–æ–¥ –Ω–µ–≥–æ–¥—è–µ–≤, –∞ –∑–Ω–∞—á–∏—Ç —Å—Ç—Ä–µ–ª—è–π –∏ —Å—Ç—Ä–µ–ª—è–π.

–î—É–º–∞—é, —ç—Ç–æ –∫–∏–Ω–æ —Ç–æ—á–Ω–æ –Ω–∏–∫–æ–≥–æ –Ω–µ –æ—Å—Ç–∞–≤–∏—Ç —Ä–∞–≤–Ω–æ–¥—É—à–Ω—ã–º. –ü–æ—Ç–æ–º—É —á—Ç–æ –æ–Ω–æ –≤—ã–∑–æ–≤–µ—Ç –∏–ª–∏ –æ—Ç–≤—Ä–∞—â–µ–Ω–∏–µ –∏–ª–∏ –±—É—Ä—é —ç–º–æ—Ü–∏–π, —á—Ç–æ —Ç–∞–∫–∏–µ —Ñ–∏–ª—å–º—ã –≤–æ–æ–±—â–µ —Å–Ω–∏–º–∞—é—Ç. –ü–æ—ç—Ç–æ–º—É –æ–Ω —Å–∏–ª—å–Ω–æ –æ–≥—Ä–∞–Ω–∏—á–∏–≤–∞–µ—Ç —Å–≤–æ—é –∞—É–¥–∏—Ç–æ—Ä–∏—é. 

–° —Ç–æ—á–∫–∏ –∑—Ä–µ–Ω–∏—è —Ç—Ä–µ—à–∞ —ç—Ç–æ—Ç —Ñ–∏–ª—å–º –∑–∞—Å–ª—É–∂–∏–≤–∞–µ—Ç –≤—Å–µ 10 –±–∞–ª–æ–≤. –ù–æ —á—É–≤—Å—Ç–≤–∞ —É –º–µ–Ω—è –ø–æ–ª—É—á–∏–ª–∏—Å—å —Å–º–µ—à–∞–Ω–Ω—ã–µ. –° –æ–¥–Ω–æ–π —Å—Ç–æ—Ä–æ–Ω—ã —ç—Ç–æ —É–±–æ–π–Ω—ã–π —Ñ–∏–ª—å–º. –° –¥—Ä—É–≥–æ–π –ø–æ–ª–Ω–µ–π—à–∏–π –≤—ã–Ω–æ—Å –º–æ–∑–≥–∞ –∑—Ä–∏—Ç–µ–ª—é. 

5 –∏–∑ 10",kinopoisk
58439,"–¥–æ—Å—Ç–∞–≤–∫–∞ –±—ã—Å—Ç—Ä–∞—è –¥–æ –û–º—Å–∫–∞ –∑–∞ 2 –Ω–µ–¥–µ–ª–∏ –ø—Ä–∏—à–ª–æ.–æ—á–µ–Ω—å –∂–¥–∞–ª–∞ –ø–æ—Å—ã–ª–∫—É,–∑–∞–∫–∞–∑–∞–ª–∞ –¥–∞–∂–µ –Ω–µ —Å–º–æ—Ç—Ä—è –Ω–∞ –ø–ª–∞—Ç–Ω—É—é –¥–æ—Å—Ç–∞–≤–∫—É. –∑–∞–∫–∞–∑—ã–≤–∞–ª–∞ s, –∞ –ø—Ä–µ—Å–ª–∞–ª–∏ L! –ø—Ä–µ–¥—Å—Ç–∞–≤–ª—è–µ—Ç–µ!–≤–æ—Ç —Ç–∞–∫ –∂–¥—ë—à—å,–∂–¥—ë—à—å –∏ –≤ –∏—Ç–æ–≥–µ —Ç–∞–∫–æ–π –ø–æ–¥..–±–æ—Å!!!—Ç–∫–∞–Ω—å –æ—á–µ–Ω—å —Ç–æ–Ω–∫–∞—è,–¥–∞–∂–µ –ø—Ä–æ—Å–≤–µ—á–∏–≤–∞–µ—Ç. –Ω–æ –≤—Å—ë —Ç–∞–∫–∏ —Å–∞–º—ã–π –≥–ª–∞–≤–Ω—ã–π –º–∏–Ω—É—Å –Ω–µ —Ç–æ—Ç —Ä–∞–∑–º–µ—Ä –∫–∞—Ç–æ—Ä—ã–π –∑–∞–∫–∞–∑—ã–≤–∞–ª–∏ –∏ –æ–ø–ª–∞—á–∏–≤–∞–ª–∏!!!! –±–æ–ª—å—à–µ –Ω–∏—á–µ–≥–æ –Ω–µ –±—É–¥—É –∑–∞–∫–∞–∑—ã–≤–∞—Ç—å —É —ç—Ç–æ–≥–æ –ø—Ä–æ–¥–∞–≤—Ü–∞!!!",rureviews
201351,"–í –∫–∞–∫–∏–µ –∏–≥—Ä—ã –Ω–∞–º –∏–≥—Ä–∞—Ç—å?
–ü–æ–µ–ª, –ø–æ—Å—Ä–∞–ª, –ø–æ–µ–ª –æ–ø—è—Ç—å
–ü–æ–º—ã–ª—Å—è –∏ –ø–æ—à–µ–ª –≥—É–ª—è—Ç—å
–í–æ—Ç –∏ –≤—Å—ë.",rusentiment
234296,"–®—Ç–∞–Ω—ã —Å–Ω–∞—á–∞–ª–∞ —Å–µ–ª–∏ —Ö–æ—Ä–æ—à–æ, –Ω–æ –ø—Ä–∏ —Ö–æ–¥—å–±–µ –Ω–∞—á–∞–ª–∏ —Å–ø–æ–ª–∑–∞—Ç—å –Ω–∞ –ø–æ–ø—É, –≤ –∏—Ç–æ–≥–µ —è –∏—Ö –ø–æ—Å—Ç–æ—è–Ω–Ω–æ –ø–æ–¥–¥—è–≥–∏–≤–∞–ª–∞ –≤–≤–µ—Ä—Ö. –ï—Å–ª–∏ —Å–µ—Å—Ç—å –Ω–∞ —Å—Ç—É–ª, —Å–∏–ª—å–Ω–æ –æ–≥–æ–ª—è–µ—Ç—Å—è –ø–æ—è—Å–Ω–∏—Ü–∞, –∏ —Ç–æ —á—Ç–æ –Ω–∏–∂–µ. –î–µ–ª–æ –Ω–µ –≤ —Ä–∞–∑–º–µ—Ä–µ, –±–æ–ª—å—à–∏–π —Ä–∞–∑–º–µ—Ä —Å–∏–¥–µ–ª –±—ã –æ—á–µ–Ω—å —Å–≤–æ–±–æ–¥–Ω–æ. –í–æ–∑–º–æ–∂–Ω–æ –º–æ–¥–µ–ª—å –ø–æ–¥–æ–π–¥–µ—Ç –¥–µ–≤—É—à–∫–∞–º —Å –±–æ–ª–µ–µ –ø–ª–æ—Å–∫–∏–º–∏ –ø–∞—Ä–∞–º–µ—Ç—Ä–∞–º–∏.
–ü–ª—é—Å –æ—Ç–≤–µ—Ä—Å—Ç–∏–µ –¥–ª—è –ø—É–≥–æ–≤–∏—Ü–µ –æ—Ç—Å—É—Ç—Å—Ç–≤–æ–≤–∞–ª–æ, –ø—Ä–∏—à–ª–æ—Å—å —Ä–∞–∑—Ä–µ–∑–∞—Ç—å —Ç–∫–∞–Ω—å –Ω–æ–∂–µ–º. –ù–æ—Å–∏—Ç—å –Ω–µ –±—É–¥—É.",ru-reviews-classification
90579,"–ü–µ—Ä–≤–∞—è –∞–Ω–∏–º–∫–∞ –ø–æ –∫–æ—Ç–æ—Ä–æ–π –∑–∞—Ö–æ—Ç–µ–ª–æ—Å—å –Ω–∞–ø–∏—Å–∞—Ç—å –æ—Ç–∑—ã–≤.–û—á–µ–Ω—å –ø–æ–Ω—Ä–∞–≤–∏–ª–æ—Å—å –ø–æ—Å–ª–µ –ø—Ä–æ—Å–º–æ—Ç—Ä–∞ –ø–µ—Ä–≤–æ–≥–æ —Å–µ–∑–æ–Ω–∞. –ù—É —Ç–∞–∫ –∫–∞–∫ —è –Ω–µ–ú–ù–û–ñ–ï–ß–ö–û —Ä–∞–∑–¥–æ–ª–±–∞–π –∏ –Ω–µ —É–≤–∏–¥–µ–ª –≤ ""–°–í–Ø–ó–ê–ù–ù–û–ï"",""+ –ø–æ–∫–∞–∑–∞—Ç—å –æ—Å—Ç–∞–ª—å–Ω–æ–µ (3)"" (–º–µ–ª–∫–∏–º —à—Ä–∏—Ñ—Ç–æ–º),–≥–¥–µ –∫–∞–∫ —Ä–∞–∑, –∞—Ç—å –∏ —Å–ø—Ä—è—Ç–∞–í—Å—è 2-–æ–π —Å–µ–∑–æ–Ω,—Ä–∞–∑–æ—á–∞—Ä–æ–≤–∞–ª—Å—è –≤ —Ç–≤1 –∏ –ø–æ—Å—Ç–∞–≤–∏–ª 6/10, —Ö–æ—Ç—å –∏ –≤ —Ü–µ–ª–æ–º —Ç–∞–π—Ç–ª –±—ã–ª –ø—Ä–∏—è—Ç–Ω—ã–π, –Ω–æ –∫–∞–∫–æ–π-—Ç–æ –Ω–µ–∑–∞–∫–æ–Ω—á–µ–Ω–Ω—ã–π –∏ –µ—â–µ —Ä–∞–∑ –ø–æ–≤—Ç–æ—Ä—é—Å—å –æ –Ω–∞–ª–∏—á–∏–∏ —Ç–≤2 —è –Ω–µ –∑–Ω–∞–ª, –∏ –Ω–µ —Å–º–æ—Ç—Ä–µ–ª .–ê –≤–æ—Ç –ø—Ä–æ —Ñ–∏–ª—å–º –∑–Ω–∞–ª, –¥–æ—à–ª–∏ —Ä—É–∫–∏ –∏ –ø–æ—Å–º–æ—Ç—Ä–µ–ª.–§–∏–ª—å–º –æ—á–µ–Ω—å –ø—Ä–∏—è—Ç–Ω—ã–π –∏ —Ä–∞–¥—É–µ—Ç —Ç—Ä–æ–≥–∞—Ç–µ–ª—å–Ω–∞—è –∫–æ–Ω—Ü–æ–≤–∫–∞, –ø—Ä—è–º —É—Ö —ç—Ç–æ –Ω–∞–¥–æ –ø–æ—Å–º–æ—Ç—Ä–µ—Ç—å, —Ö—ã, —Å–ª–∞–±—ã–π –±–∞–π—Ç –Ω–∞ –ø—Ä–æ—Å–º–æ—Ç—Ä.–ú–Ω–µ –±—ã–ª–æ –∏–Ω—Ç–µ—Ä–µ—Å–Ω–µ–µ —Å–º–æ—Ç—Ä–µ—Ç—å —ç—Ç—É –∏—Å—Ç–æ—Ä–∏—é: –æ–Ω–∞ —Ä–µ–∞–ª–∏—Å—Ç–∏—á–Ω–∞—è, –Ω–µ –æ–±—Ä–µ–º–µ–Ω–µ–Ω–∞ —Å–≤–µ—Ä—Ö—ä–µ—Å—Ç–µ—Å—Ç–≤–µ–Ω–Ω—ã–º –ø–µ—Ä—Å–æ–Ω–∞–∂–µ–º, –∫–æ—Ç–æ—Ä—ã–π –º–Ω–µ –Ω–µ –æ—á–µ–Ω—å –ø–æ–Ω—Ä–∞–≤–∏–ª—Å—è.–ü–æ –ø–æ–≤–æ–¥—É —Ä–∏—Å–æ–≤–∫–∏ –ø—Ä–µ—Ç–µ–Ω–∑–∏–π –Ω–µ—Ç, –∫–∞–∫ –¥–ª—è 2007 –≥–æ–¥–∞ –≤—Å–µ –Ω–∞ —É—Ä–æ–≤–Ω–µ, –ø—Ä–∏—è—Ç–Ω–æ–µ –º—É–∑—ã–∫–∞–ª—å–Ω–æ–µ —Å–æ–ø—Ä–æ–≤–æ–∂–¥–µ–Ω–∏–µ.–ê –ø–æ –ø–æ–≤–æ–¥—É —Å–ª–æ–≤ –Ω–µ–∫–æ—Ç–æ—Ä—ã—Ö –æ –±–µ—à–µ–Ω–æ–º —Ä–∞–∑–≤–∏—Ç–∏–∏ —Å—é–∂–µ—Ç–∞ –∏ –Ω–µ–ø–æ–Ω—è—Ç–Ω–æ –≤–∑—è–≤—à–µ–π—Å—è –ª—é–±–≤–∏ –≥–ª–∞–≤–Ω—ã—Ö –≥–µ—Ä–æ–µ–≤, –≤ —Ä–∞–º–∫–∞—Ö —Ñ–∏–ª—å–º–∞ –≤—Å–µ –æ—Ç–ª–∏—á–Ω–æ, –ª—é–±–æ–≤—å –≥–ª–∞–≤–Ω—ã—Ö –≥–µ—Ä–æ–µ–≤ –≤–ø–æ–ª–Ω–µ –æ–±–æ—Å–Ω–æ–≤–∞–Ω–Ω–∞, –∞ ""–±–µ—à–µ–Ω–æ–µ —Ä–∞–∑–≤–∏—Ç–∏–∏ —Å—é–∂–µ—Ç–∞"", –Ω—É –∑–∞—Ç–æ —Ö–æ—Ç—è –±—ã –Ω–µ —Å–∫—É—á–Ω–æ ).–ò –ø–ª–µ–≤–æ–∫ –≤ —Å—Ç–æ—Ä–æ–Ω—É –ø–µ—Ä–≤–æ–≥–æ —Å–µ–∑–æ–Ω–∞—Å–ø–æ–π–ª–µ—Ä, –ø–æ-–∫—Ä–∞–π–Ω–µ–π –º–µ—Ä–µ –Ω–µ –≥–∞—Ä–µ–º, –∫–∞–∫ –≤ –ø–µ—Ä–≤–æ–º —Å–µ–∑–æ–Ω–µ,–≥–¥–µ –≤—Å–µ –ø–æ –¥–µ—Ñ–æ–ª—Ç—É,–µ—Å—Ç—å –∏ –ø–æ–¥—Ä—É–≥–∞ –¥–µ—Ç—Å—Ç–≤–∞, –∏ –¥–∞–∂–µ 3 —Ü—É–Ω–¥—ç—Ä–∫–∏, –∏ –ø—Ä–æ—Å—Ç–æ –≥–µ—Ä–æ–∏–Ω—è, –∫–æ—Ç–æ—Ä–∞—è –ª—é–±–∏—Ç –≥–≥, –Ω–µ —Ö–≤–∞—Ç–∞–µ—Ç —Ç–æ–ª—å–∫–æ —Ñ–∞–Ω—Å–µ—Ä–≤–∏—Å–∞–§–∏–ª—å–º 10/10, —Å–º–æ—Ç—Ä–µ—Ç—å –ø–æ—Å–ª–µ –ø–µ—Ä–≤–æ–≥–æ —Å–µ–∑–æ–Ω–∞ –±—ã–ª–æ –¥–∏–∫–æ –∏–Ω—Ç–µ—Ä–µ—Å–Ω–æ –∏ –º–Ω–µ –¥–∏–∫–æ –∑–∞—à–ª–æ, –æ—Å–æ–±–µ–Ω–Ω–æ, –∫–æ–≥–¥–∞ ""–∞–ª—å—Ç–µ—Ä–Ω–∞—Ç–∏–≤–Ω–∞—è –∏—Å—Ç–æ—Ä–∏—è"",—Å—Ç–∞–Ω–æ–≤–∏–ª–∞—Å—å –¥–µ–π—Å—Ç–≤–∏—Ç–µ–ª—å–Ω–æ –∞–ª—å—Ç–µ—Ä–Ω–∞—Ç–∏–≤–Ω–æ–π.",anime
246698,"–£–∂–∞—Å–Ω–æ, –¥–∞–∂–µ –Ω–µ –ø–ª–∞–≤–∏—Ç—Å—è.",perekrestok
110006,"–ü–æ—Å–º–æ—Ç—Ä–µ–ª–∞ –≤—Å–µ —á–∞—Å—Ç–∏. –ü–æ-–º–æ–µ–º—É, —ç—Ç–æ –ø–æ—á—Ç–∏ –ø–æ–ª–Ω–∞—è –∫–æ–ø–∏—è –∞–Ω–∏–º–µ Toward the Terra, —Ç–æ–ª—å–∫–æ –ø–æ–∫–æ—Ä–æ—á–µ –∏ –ø–æ–º–µ–Ω—å—à–µ –º–∞—Å—à—Ç–∞–±–æ–º. –°–º–æ—Ç—Ä–µ–ª–∞ —Ç–æ–ª—å–∫–æ –≤ —ç—Ç–æ–π –ø—Ä–∏–≤—è–∑–∫–µ, –ø–æ—ç—Ç–æ–º—É, –Ω–∞–≤–µ—Ä–Ω–æ–µ, –º–Ω–µ –ø–æ–Ω—Ä–∞–≤–∏–ª–æ—Å—å –±–æ–ª—å—à–µ, —á–µ–º –º–æ–≥–ª–æ –±—ã. –•–æ—Ç—è –∏ —Å—é–∂–µ—Ç–∞, –∏ –¥—Ä–∞–º—ã, –∏ —Ñ–∏–ª–æ—Å–æ—Ñ–∏–∏ –∑–¥–µ—Å—å —Ö–≤–∞—Ç–∞–µ—Ç (–∏ –±–æ—ë–≤ –ø–æ–ª–Ω–æ, –Ω–æ –¥–ª—è –º–µ–Ω—è —ç—Ç–æ –Ω–µ –ø–ª—é—Å). –ù–æ –≤—Å—ë –∂–µ –º–Ω–µ –±—ã–ª–∏ –±–æ–ª–µ–µ –∏–Ω—Ç–µ—Ä–µ—Å–Ω—ã –ø–µ—Ä–≤—ã–µ, –±–æ–ª–µ–µ –º–µ–¥–ª–µ–Ω–Ω—ã–µ –∏ —Å–ø–æ–∫–æ–π–Ω—ã–µ —á–∞—Å—Ç–∏, —è –Ω–µ –ª—é–±–∏—Ç–µ–ª—å —ç–ø–∏—á–Ω—ã—Ö –±–æ—ë–≤ –∏ –¥–∞–∂–µ –ø–æ–¥—É—Å—Ç–∞–ª–∞ –∫ –∫–æ–Ω—Ü—É - –≤—Å—ë —Ä–∞–≤–Ω–æ –±—ã–ª–æ –ø–æ–Ω—è—Ç–Ω–æ, —á—Ç–æ —Ç–∞–º –±—É–¥–µ—Ç —á—Ç–æ-—Ç–æ —Ç–∞–∫–æ–µ —ç–ø–∏—á–Ω–æ-—à—Ç–∞–º–ø–æ–≤–∞–Ω–Ω–æ–µ. –ü–æ—Å–º–æ—Ç—Ä–µ—Ç—å —Å—Ç–æ–∏—Ç, –Ω–æ –Ω–∞ –æ–¥–∏–Ω —Ä–∞–∑.–¢–æ–≤–∞—Ä–∏—â –ö—É–æ–Ω –º–Ω–µ –æ—á–µ–Ω—å –ø–æ–Ω—Ä–∞–≤–∏–ª—Å—è –∏ –≤—Å—è —ç—Ç–∞ –∑–∞–¥—É–º–∫–∞ —Å –∞—Ç—Ç—Ä–∞–∫—Ç–æ—Ä–∞–º–∏ –∏ —Ç–µ–º, –∫–∞–∫ –∏—Ö –º–∏–Ω–∏-–æ–±—â–µ—Å—Ç–≤–æ —É—Å—Ç—Ä–æ–µ–Ω–æ, –∏ —è –Ω–∞–¥–µ—è–ª–∞—Å—å, —á—Ç–æ —Å—é–∂–µ—Ç –≤—ã–π–¥–µ—Ç –Ω–∞ –±–æ–ª–µ–µ –≥–ª–æ–±–∞–ª—å–Ω—ã–µ –ø—Ä–æ–±–ª–µ–º—ã, —á–µ–º –±—ã–ª–∏ –ø–æ–¥–Ω—è—Ç—ã, –≤–æ—Ç —Ç–æ–≥–¥–∞ –±—ã–ª–æ –±—ã –∫—Ä—É—Ç–æ. –ê —Ç–∞–∫ - –≤–æ–∑–º–æ–∂–Ω–æ, —Å–ø–æ–π–ª–µ—Ä–∫–æ–Ω—Ü–æ–≤–∫–∞ –≤–ø–æ–ª–Ω–µ –∫–æ–Ω–µ—á–Ω–∞—è, –Ω–æ –Ω–µ —Ç–æ, —á–µ–≥–æ —è –∂–¥–∞–ª–∞, –∏ –ø–æ —Å—É—Ç–∏-—Ç–æ –Ω–∏—á–µ–≥–æ –Ω–µ –∏–∑–º–µ–Ω–∏–ª–æ—Å—å.",anime
31776,—é–±–∫–∞ —Ö–æ—Ä–æ—à–∞—è. –ø—Ä–∏—à–ª–∞ –±—ã—Å—Ç—Ä–æ.,rureviews
225266,"–¢–∞–∫ —Å–º–æ—Ç—Ä–∏ –±–µ–∑ –æ—Ç–≤–ª–µ—á–µ–Ω–∏—è –ø—Ä—è–º–æ –≤ —Å—É—â–Ω–æ—Å—Ç—å —Ä–∏–≥–ø–∞. –ò –¥–∞–ª–µ–µ: –ê –ê –ê –°—Ç—Ä–æ—Ñ–∞ –∑–∞–≤–µ—Ä—à–∞–µ—Ç—Å—è —Ç—Ä–æ–µ–∫—Ä–∞—Ç–Ω—ã–º –ø–æ–≤—Ç–æ—Ä–µ–Ω–∏–µ–º —Å–ª–æ–≥–∞ –ê. –≠—Ç–æ—Ç —Å–ª–æ–≥ —Å–∏–º–≤–æ–ª–∏–∑–∏—Ä—É–µ—Ç —Å–æ–≤–µ—Ä—à–µ–Ω—Å—Ç–≤–æ –º—É–¥—Ä–æ—Å—Ç–∏, –ü—Ä–∞–¥–∂–Ω—è–ø–∞—Ä–∞–º–∏—Ç—É. –ü–æ–∫–∞ —è –±—É–¥—É –º–µ–¥–ª–µ–Ω–Ω–æ –∑–∞—á–∏—Ç—ã–≤–∞—Ç—å –≤—Å–ª—É—Ö —ç—Ç–æ—Ç —Ç–µ–∫—Å—Ç, —Å–∏–¥–∏—Ç–µ —Å–ø–æ–∫–æ–π–Ω–æ —Å –ø—Ä—è–º–æ–π —Å–ø–∏–Ω–æ–π –∏ —Å—Ç–∞—Ä–∞–π—Ç–µ—Å—å –Ω–µ –æ—Ç–≤–ª–µ–∫–∞—Ç—å—Å—è. –í —É—á–µ–Ω–∏–∏ –î–∑–æ–≥—á–µ–Ω –µ—Å—Ç—å —Ö–æ—Ä–æ—à–∏–π –º–µ—Ç–æ–¥: –Ω–∞–ø—Ä–∞–≤–∏—Ç—å —Å–≤–æ–π —É–º –≤ –≥–ª–∞–∑–∞, –∞ –≥–ª–∞–∑–∞ –Ω–∞–ø—Ä–∞–≤–∏—Ç—å –≤ –ø—Ä–æ—Å—Ç—Ä–∞–Ω—Å—Ç–≤–æ. –≠—Ç–æ –ø–æ–ª–µ–∑–Ω–æ, –ø–æ—Ç–æ–º—É —á—Ç–æ –∑—Ä–∏—Ç–µ–ª—å–Ω–æ–µ —Å–æ–∑–Ω–∞–Ω–∏–µ –∏–º–µ–µ—Ç –Ω–∞–¥ –Ω–∞–º–∏ –±–æ–ª—å—à—É—é –≤–ª–∞—Å—Ç—å. –í–∞–º –Ω–µ –Ω—É–∂–Ω–æ —Å–º–æ—Ç—Ä–µ—Ç—å –Ω–∞ —á—Ç–æ-—Ç–æ –≤–æ–≤–Ω–µ, –ø—Ä–æ—Å—Ç–æ —É—Å—Ç–∞–Ω–æ–≤–∏—Ç–µ –Ω–µ–ø–æ–¥–≤–∏–∂–Ω—ã–π –≤–∑–≥–ª—è–¥ –≤ –ø—É—Å—Ç–æ–º –ø—Ä–æ—Å—Ç—Ä–∞–Ω—Å—Ç–≤–µ –º–µ–∂–¥—É –≤–∞–º–∏ –∏ –≤–Ω–µ—à–Ω–∏–º–∏ –ø—Ä–µ–¥–º–µ—Ç–∞–º–∏.",linis
35722,–°–∏–Ω—Ç–µ—Ç–∏–∫–∞. –Ω–∞ –º–æ–π 44 —Ä–∞–∑–º–µ—Ä —Ä–∞–∑–º–µ—Ä –ú –≤–ø—Ä–∏—Ç—ã–∫( –±–µ—Ä–∏—Ç–µ L,rureviews
179629,"–ó–∞–∫–∞–∑–∞–ª–∏ —Ä–æ–ª–ª—ã , –æ–¥–∏–Ω —Å–µ—Ç –±—ã–ª –Ω–æ—Ä–º–∞–ª—å–Ω—ã–π –∞ –≤—Ç–æ—Ä–æ–π —É–∂–∞—Å –∫–∞–∫–æ–π-—Ç–æ , –≤—Å–µ —Ä–∞–∑–≤–∞–ª–∏–≤–∞—é—Ç—Å—è , —Ä–∏—Å –Ω–µ—Ä–∞–≤–Ω–æ–º–µ—Ä–Ω–æ –ª–µ–∂–∏—Ç , –Ω–∞—á–∏–Ω–∫–∞ –Ω–∞ –ø–µ—Ä–≤–æ–º —Ñ–æ—Ç–æ –∫–∞–∫ –±—ã –≤–∏–¥–Ω–æ , –æ—á–µ–Ω—å –±—ã–ª–æ –∂–∞–ª–∫–æ –∏ –æ–±–∏–¥–Ω–æ 
",geo
134543,"–ú–∞–≥–∞–∑–∏–Ω –≤—Ä–æ–¥–µ –∏ –Ω–µ –ø–ª–æ—Ö–æ–π,  –∏ —Ç–æ–≤–∞—Ä—É –≤—Ä–æ–¥–µ –º–Ω–æ–≥–æ, –Ω–æ –≤–æ—Ç –ø–æ—á–µ–º—É —Ç–æ —Ö–æ—á–µ—Ç—Å—è –ø—Ä–æ–π—Ç–∏ –º–∏–º–æ, –∑–∞—Ö–æ–∂—É –≤ –∫—Ä–∞–π–Ω–µ–º —Å–ª—É—á–∞–µ, –µ—Å–ª–∏ –≤ –¥—Ä—É–≥–∏—Ö –º–∞–≥–∞–∑–∏–Ω–∞—Ö –Ω–µ –Ω–∞—à–ª–∞ —Ç–æ —á—Ç–æ –Ω—É–∂–Ω–æ, –Ω–∞–¥–æ –∏–º —á—Ç–æ —Ç–æ –º–µ–Ω—è—Ç—å
",geo
243048,–ì–æ—Ä–æ—Ö,perekrestok
129034,"–í–ø–æ–ª–Ω–µ –≤–æ–∑–º–æ–∂–Ω–æ, —á—Ç–æ —Å–∞–ª–æ–Ω –∏ –Ω–µ–ø–ª–æ—Ö–æ–π. –ú—ã –∑–∞—à–ª–∏ —Ç—É–¥–∞ –ø–æ—Å–ª–µ –≤–µ—Ç–∫–ª–∏–Ω–∏–∫–∏, —á—Ç–æ–±—ã —É–∑–Ω–∞—Ç—å —É—Å–ª–æ–≤–∏—è –ø—Ä–∏—ë–º–∞, –Ω–∞—Å –≤—Å—Ç—Ä–µ—Ç–∏–ª–∏ –¥–æ—Å—Ç–∞—Ç–æ—á–Ω–æ –Ω–µ–ª—é–±–µ–∑–Ω–æ, —ç—Ç–æ –±—ã–ª –ø–µ—Ä–≤—ã–π –æ–ø—ã—Ç –ø–æ—Å–µ—â–µ–Ω–∏—è —Ç–∞–∫–∏—Ö —É—á—Ä–µ–∂–¥–µ–Ω–∏–π, —Ö–æ—Ä–æ—à–æ, —á—Ç–æ –ø–æ—Ç–æ–º –º—ã –ø–æ–ø–∞–ª–∏ –≤ –ú–µ–¥–µ—é. –¢–∞–º —Ö–æ—Ä–æ—à–æ
",geo
27609,"–Ω–∞ 42 —Ä–∞–∑–º–µ—Ä –Ω–µ –ø–æ–¥–æ–π–¥–µ—Ç, —Å–ª–∏—à–∫–æ–º –±–æ–ª—å—à–æ–π",rureviews
198533,"–ù—É –Ω–∞–∫–æ–Ω–µ—Ü —Ç–æ!!!! –°–µ—Å—Å–∏—è –∑–∞–∫—Ä—ã—Ç–∞, –∫—É—Ä—Å–æ–≤—É—é —Å–¥–∞–ª–∞üìñüìù –°—ã–Ω–æ–∫ –≤—Å—Ç—Ä–µ—á–∞–µ—Ç –º–∞–º—É —Å —É–Ω–∏–≤–µ—Ä—Å–∏—Ç–µ—Ç–∞üå∫üå∫üå∫",rusentiment
182913,"–ü—Ä–∏ –≤—Å–µ–≥–æ 5 –º–∞–ª–µ–Ω—å–∫–∏—Ö –∑–∞–∫–∞–∑–∞—Ö, –¥–µ–ª–∞—é—Ç –∑–∞–∫–∞–∑ —Å —Å–æ–±–æ–π –ø–æ—á—Ç–∏ —á–∞—Å. –ù–∞ –∫—É—Ö–Ω–µ —Ü–µ–ª–∞—è –∞—Ä–∞–≤–∞ –ª—é–¥–µ–π, –∫–æ—Ç–æ—Ä—ã–µ –ø—Ä–æ—Å—Ç–æ –≥—É–ª—è—é—Ç –∏ —Ä–∞–∑–≥–æ–≤–∞—Ä–∏–≤–∞—é—Ç. –°–∞–º–∞ –µ–¥–∞ —É—Ä–æ–≤–Ω—è –Ω–∏–∂–µ —Å—Ä–µ–¥–Ω–µ–≥–æ. –û–±—Å–ª—É–∂–∏–≤–∞–Ω–∏–µ –æ—Å—Ç–∞–≤–ª—è–µ—Ç –∂–µ–ª–∞—Ç—å –ª—É—á—à–µ–≥–æ. –î–µ–≤–æ—á–∫–∞-—Å—Ç–∞–∂–µ—Ä–∫–∞ –Ω–∞ –∫–∞—Å—Å–µ —Å —Å–∏–ª—å–Ω–æ –Ω–∞–∫—Ä–∞—à–µ–Ω–Ω—ã–º –ª–∏—Ü–æ–º (–º–∞–∫–∏—è–∂ –≤–∫–ª—é—á–∞–µ—Ç –≤ —Å–µ–±—è –≥–ª–∏—Ç—Ç–µ—Ä, –∫–æ—Ç–æ—Ä—ã–π —Å–ø–æ–∫–æ–π–Ω–æ –º–æ–∂–µ—Ç –ø–æ–ø–∞—Å—Ç—å –≤–∞–º –≤ –µ–¥—É).
",geo
16404,"–°–∞–º —Ç–æ–ø –ø–æ–Ω—Ä–∞–≤–∏–ª—Å—è, –Ω–∞ –æ–≥ 82 –ø–æ–¥–æ—à–µ–ª —Ö–æ—Ä–æ—à–æ. –Ω–æ –¥—ã—Ä–∫–∏, —á–µ—Ä–µ–∑ –∫–æ—Ç–æ—Ä—ã–µ –≤—Å—Ç–∞–≤–∏–ª–∏ —á–∞—à–∫–∏ —Å–∏–ª—å–Ω–æ —Ä–∞–∑–æ—á–∞—Ä–æ–≤–∞–ª–∏",rureviews
181757,"–û–±—ã—á–Ω–æ –≤—Å–µ –≤—Å–µ–≥–¥–∞ –±—ã–ª–æ —Ö–æ—Ä–æ—à–æ , –Ω–æ –ø–æ—Å–ª–µ –≤—á–µ—Ä–∞—à–Ω–µ–≥–æ –ø–æ—Ö–æ–¥–∞ –±–æ–ª—å—à–µ –Ω–µ –ø—Ä–∏–¥–µ–º, –≤—á–µ—Ä–∞ –æ–∫–æ–ª–æ 17:00 –º–æ—è –±–µ—Ä–µ–º–µ–Ω–Ω–∞—è –∂–µ–Ω–∞ –∑–∞–∫–∞–∑–∞–ª–∞ –±–ª—é–¥–æ –ª–æ—Å–æ—Å—å —Å–æ —à–ø–∏–Ω–∞—Ç–æ–º –∏ –≥—Ä–∏–±–æ–º –º–∏ –º—É—ç—Ä , –Ω—É –∏ –≤ 4 —É—Ç—Ä–∞ –Ω–∞—á–∞–ª–∞—Å—å –∫–∞—Ç–∞—Å—Ç—Ä–æ—Ñ–∞, –æ—Ç—Ä–∞–≤–∏–ª–∞—Å—å –æ–¥–Ω–∏ —Å–ª–æ–≤–æ–º 
",geo
220589,"–ü–µ—Ä–≤–∞—è –º–Ω–æ–≥–æ–Ω–æ–∂–∫–∞ –ø—Ä–æ–∏–∑–≤–µ–ª–∞ –Ω–∞ –º–µ–Ω—è –æ–≥—Ä–æ–º–Ω–æ–µ –≤–ø–µ—á–∞—Ç–ª–µ–Ω–∏–µ. –í—Ç–æ—Ä–∞—è - –Ω–∏—á—É—Ç—å –Ω–µ –º–µ–Ω—å—à–µ–µ. –í–ø—Ä–æ—á–µ–º, –≤–ø–µ—á–∞—Ç–ª–µ–Ω–∏—è –¥–∞–ª–µ–∫–æ –Ω–µ –ø—Ä–∏—è—Ç–Ω–æ–≥–æ —Ö–∞—Ä–∞–∫—Ç–µ—Ä–∞, —Ñ–∏–ª—å–º –æ—Å—Ç–∞–≤–ª—è–µ—Ç –æ—Å–∞–¥–æ–∫ –≤ —Å–æ–∑–Ω–∞–Ω–∏–∏ –ø–æ—Å–ª–µ –ø—Ä–æ—Å–º–æ—Ç—Ä–∞. –ü–æ—Å–ª–µ –ø—Ä–æ—Å–º–æ—Ç—Ä–∞ –º–Ω–µ –Ω–µ —Ö–æ—Ç–µ–ª–æ—Å—å –Ω–∏ –≥–æ–≤–æ—Ä–∏—Ç—å, –Ω–∏ —á—Ç–æ-–ª–∏–±–æ –¥–µ–ª–∞—Ç—å - —è –ø—Ä–æ—Å—Ç–æ —Å–∏–¥–µ–ª –Ω–∞ —Ç–æ–º —Å–∞–º–æ–º –º–µ—Å—Ç–µ, –ø—ã—Ç–∞—è—Å—å –Ω–µ –≤—Å–ø–æ–º–∏–Ω–∞—Ç—å, –¥–∞–∂–µ –∑–∞–±—ã—Ç—å —Ç–æ, —á—Ç–æ —è —É–≤–∏–¥–µ–ª...

–°–æ–±—Å—Ç–≤–µ–Ω–Ω–æ –æ —Ñ–∏–ª—å–º–µ. –ü–æ—Å—Ç–∞–Ω–æ–≤–∫–∞ –≤—Ç–æ—Ä–æ–π —á–∞—Å—Ç–∏, –∫–∞–∫ –ø–æ –º–Ω–µ, –ø–æ–∫–∞–∑–∞–ª–∞—Å—å –Ω–∞ –ø–æ—Ä—è–¥–æ–∫ —Å–ª–∞–±–µ–µ –ø–µ—Ä–≤–æ–π - —Ñ–∏–ª—å–º –≤—ã–≥–ª—è–¥–∏—Ç –¥–µ—à–µ–≤–æ. –ù–∞–≤–µ—Ä–Ω–æ–µ —Å–ø–∞—Å–∞—é—Ç –ª–∏—à—å —á–µ—Ä–Ω–æ –±–µ–ª—ã–µ –∫—Ä–∞—Å–∫–∏, –∫–æ—Ç–æ—Ä—ã–µ –¥–æ–±–∞–≤–ª—è—é—Ç –º—Ä–∞—á–Ω–æ—Å—Ç–∏ –∫–∞—Ä—Ç–∏–Ω–µ. –°—é–∂–µ—Ç - —Ç–∞–∫–æ–π –∂–µ –∫–∞–∫ –∏ –≤ –ø–µ—Ä–≤–æ–π —á–∞—Å—Ç–∏ - —Ç–æ –±–∏—à—å –µ–≥–æ –ø–æ—á—Ç–∏ –æ—Ç—Å—É—Ç—Å—Ç–≤–∏–µ. –î–∏–∞–ª–æ–≥–æ–≤ –æ—á–µ–Ω—å –º–∞–ª–æ - –≤ –ø—Ä–∏–Ω—Ü–∏–ø–µ –º–æ–∂–Ω–æ –≤—ã–∫–ª—é—á–∏—Ç—å –∑–≤—É–∫ –∏ –≤—Å–µ –±—É–¥–µ—Ç —è—Å–Ω–æ.

–î–æ–±–∞–≤–ª—è–µ—Ç –º–µ—Ä–∑–æ—Å—Ç–∏ —ç—Ç–æ–º—É —Ñ–∏–ª—å–º—É –≥–ª–∞–≤–Ω—ã–π –≥–µ—Ä–æ–π. –Ø, –∑–∞–∫–∞–ª–µ–Ω–Ω—ã–π —Å—Ü–µ–Ω–∞–º–∏ –∏–∑ –ø–µ—Ä–≤–æ–π —á–∞—Å—Ç–∏, –±—ã–ª –ø–æ—Ä–∞–∂–µ–Ω –∏ —Å—Ü–µ–Ω–∞–º–∏ –∂–µ—Å—Ç–æ–∫–æ—Å—Ç–∏ –¥–∞–Ω–Ω–æ–≥–æ –ø—Ä–æ–∏–∑–≤–µ–¥–µ–Ω–∏—è. –ù–æ –ø—Ä–∏ –≤–∏–¥–µ –≥–ª–∞–≤–Ω–æ–≥–æ –≥–µ—Ä–æ—è –≤–æ –≤—Å–µ–π –∫—Ä–∞—Å–µ –º–Ω–µ —Å—Ç–∞–ª–æ –Ω–µ –ø–æ —Å–µ–±–µ. –¢—É—Ç —è –ø–æ–Ω—è–ª, —á—Ç–æ –±—ã–ª–∞ –ø—Ä–æ–¥–µ–ª–∞–Ω–∞ –æ–≥—Ä–æ–º–Ω–∞—è —Ä–∞–±–æ—Ç–∞ - –≤–µ–¥—å –æ—Ç—ã—Å–∫–∞—Ç—å —á–µ–ª–æ–≤–µ–∫–∞ —Ç–∞–∫–æ–π –≤–Ω–µ—à–Ω–æ—Å—Ç–∏, –≥–æ—Ç–æ–≤–æ–≥–æ —Å–Ω—è—Ç—å—Å—è –≤ –∫–∏–Ω–æ, –±—ã–ª–æ —Å–ª–æ–∂–Ω–æ.

–ö–∞–∫ –≤ –ø–µ—Ä–≤–æ–π, —Ç–∞–∫ –∏ –≤–æ –≤—Ç–æ—Ä–æ–π —á–∞—Å—Ç–∏ –º–µ–Ω—è —Ç–µ—Ä–∑–∞–ª–∏ –º—ã—Å–ª–∏ –æ –±–∞–Ω–∞–ª—å–Ω–æ–π —Ç—É–ø–æ—Å—Ç–∏ –∂–µ—Ä—Ç–≤, –∫–æ—Ç–æ—Ä—ã–µ –¥–∞–∂–µ –Ω–µ –¥—É–º–∞–ª–∏ –æ–± –æ—Å–≤–æ–±–æ–∂–¥–µ–Ω–∏–∏. –ù–µ—É–∂–µ–ª–∏ —á–µ–ª–æ–≤–µ–∫ –Ω–∞—Å—Ç–æ–ª—å–∫–æ –±–µ–∑–º–æ–∑–≥–ª–æ–µ —Å–æ–∑–¥–∞–Ω–∏–µ? –í–µ—Ä–æ—è—Ç–Ω–æ, –ø—Ä–∏–¥—É–º–∞–≤—à–∏–π —ç—Ç–æ—Ç —Ñ–∏–ª—å–º –Ω–µ –∑–∞–±–æ—Ç–∏–ª—Å—è –æ —Ç–æ–º, —á—Ç–æ–±—ã —ç—Ç–æ –≤—ã–≥–ª—è–¥–µ–ª–æ —Ä–µ–∞–ª–∏—Å—Ç–∏—á–Ω–æ, –æ–Ω –ø–æ—Å—Ç–∞–≤–∏–ª –ø–µ—Ä–µ–¥ —Å–æ–±–æ–π —Ü–µ–ª—å - —Å–Ω—è—Ç—å –≤—Ç–æ—Ä—É—é –º–Ω–æ–≥–æ–Ω–æ–∂–∫—É –∏ –Ω–µ–≤–∞–∂–Ω–æ –Ω–∞ –∫–∞–∫–∏–µ –∂–µ—Ä—Ç–≤—ã –ø—Ä–∏–¥–µ—Ç—Å—è –ø–æ–π—Ç–∏...

–§–∏–ª—å–º —Ä–µ–∫–æ–º–µ–Ω–¥–æ–≤–∞—Ç—å –∫ –ø—Ä–æ—Å–º–æ—Ç—Ä—É –¥—Ä—É–∑—å—è–º –∏ –∑–Ω–∞–∫–æ–º—ã–º –Ω–µ –±—É–¥—É, –ø–æ—Ç–æ–º—É –∫–∞–∫ –Ω–∏—á–µ–≥–æ –∫—Ä–æ–º–µ –Ω–µ–≥–∞—Ç–∏–≤–∞ –æ–Ω –Ω–µ –Ω–µ—Å–µ—Ç

3 –∏–∑ 10",kinopoisk
280710,"–ª—É–±–∏–º–æ–µ –ª–∞–∫–æ–º—Å—Ç–≤–æ, —Ç–æ–π—á–∏–∫ –≥—Ä—ã–∑–µ—Ç –ø–µ—Ä–µ–æ–¥–∏—á–µ—Å–∫–∏",perekrestok
264329,"–ö–∏—Å–ª—ã–µ, –Ω–æ —Å–≤–µ–∂–∏–µ –∏ –∫—Ä–µ–ø–∫–∏–µ.",perekrestok
195353,"–Ω–∞ 26.10.2012–º—Ö–∫ - 2 –≤–∞—Ä. –ø–æ–¥–≥. —Å–æ–æ–±—â–µ–Ω–∏–µ –æ–± –æ–±—Ä–∞–∑–µ –ò–≤–∞–Ω–∞ –ì—Ä–æ–∑–Ω–æ–≥–æ –≤ –∂–∏–≤–æ–ø–∏—Å–∏.
—Ä—É—Å. —è–∑. - –ø–∞—Ä. 21, ‚Ññ116
–∞–ª–≥–µ–±—Ä–∞ - –ø—É–Ω–∫—Ç 14, ‚Ññ355,356
–±–∏–æ–ª–æ–≥–∏—è - –≤—ã—É—á–∏—Ç—å –∑–∞–ø–∏—Å–∏ –≤ —Ç–µ—Ç—Ä–∞–¥–µ",rusentiment
172198,"–û–±–≤–µ—Å,–æ–±—Å—á–µ—Ç,–æ–±–º–∞–Ω –Ω–∞ —Ä—ã–±–Ω–æ–º —Ç–æ–≤–∞—Ä–µ,–ø–µ—á–µ–Ω—å–µ,–∫–∏–æ—Å–∫–∏ —Å –∫—É—Ä–∏–Ω–æ–π –ø—Ä–æ–¥—É–∫—Ü–∏–µ–π.–ù–∞ —Ä—ã–±–µ,–≤–æ–æ–±—â–µ,–Ω–∞–≥–ª–æ –æ–±–º–∞–Ω—ã–≤–∞—é—Ç –∏ –Ω–∞ —Å—ã—Ä–æ–π,–∏ –Ω–∞ —Å–æ–ª–µ–Ω–æ–π
",geo
143253,"–ü–æ–ª–∏–∫–ª–∏–Ω–∏–∫–∞ –ø–æ—Å–ª–µ –∫–∞–ø–∏—Ç–∞–ª—å–Ω–æ–≥–æ —Ä–µ–º–æ–Ω—Ç–∞. –ß–∏—Å—Ç–µ–Ω—å–∫–æ, –∞–≤—Ç–æ–º–∞—Ç –ø–æ –Ω–∞–¥–µ–≤–∞–Ω–∏—é –±–∞—Ö–∏–ª, —Å–∞–º–æ –æ—Ç–∫—Ä—ã–≤–∞—é—â–∏–µ—Å—è —É—Ä–Ω—ã, –ª–∏—Ñ—Ç —Ä–∞–±–æ—Ç–∞–ª, –Ω–∞ —ç—Ç–∞–∂–∞—Ö –∑–¥–∞–Ω–∏—è —Ä–∞–±–æ—Ç–∞—é—Ç –∏–Ω—Ñ–æ—Ä–º–∞—Ü–∏–æ–Ω–Ω—ã–µ —Ç–∞–±–ª–æ –æ–ø–æ–≤–µ—â–∞—é—â–∏–µ –æ–± –æ—á–µ—Ä–µ–¥–∏ –∫ —Å–ø–µ—Ü–∏–∞–ª–∏—Å—Ç—É. –Ø –±—ã–ª–∞ —Ç–æ–ª—å–∫–æ —É –æ–∫—É–ª–∏—Å—Ç–∞. –ü—Ä–æ–±–ª–µ–º–∞ –≤–æ –≤—Ä–µ–º–µ–Ω–∏, –æ—Ç–≤–µ–¥—ë–Ω–Ω–æ–º –Ω–∞ –ø—Ä–∏—ë–º, –∞ —ç—Ç–æ 12–º–∏–Ω—É—Ç. –ó–∞ 12–º–∏–Ω—É—Ç –Ω–∞–¥–æ –≤–æ–π—Ç–∏/–≤—ã–π—Ç–∏, –ø—Ä–∏–≤–µ—Ç—Å—Ç–≤–∏–µ/–ø—Ä–æ—â–∞–Ω–∏–µ, –≤—Ä–∞—á –æ–ø—Ä–æ—Å–∏—Ç—å,–∑–∞–ø–æ–Ω–∏—Ç –∫–∞—Ä—Ç—É, –∏–∑–º–µ—Ä–∏—Ç –≥–ª–∞–∑–Ω–æ–µ –¥–∞–≤–ª–µ–Ω–∏–µ, –ø–æ—Å–º–æ—Ç—Ä–∏—Ç –≥–ª–∞–∑–Ω–æ–µ –¥–Ω–æ, —Ä–µ–∫–æ–º–µ–Ω–¥–∞—Ü–∏–∏, —Ä–µ—Ü–µ–ø—Ç. –í –ø–ª–∞—Ç–Ω—ã—Ö –∫–ª–∏–Ω–∏–∫–∞—Ö –≤—Ä–µ–º–µ–Ω–∏ –æ—Ç–≤–µ–¥–µ–Ω–æ –±–æ–ª—å—à–µ. –ò –Ω–µ –Ω–∞–¥–æ –¥—É–º–∞—Ç—å, —á—Ç–æ –û–ú–° —ç—Ç–æ –±–µ—Å–ø–ª–∞—Ç–Ω–∞—è –º–µ–¥–∏—Ü–∏–Ω–∞! –ú—ã –∑–∞–ø–ª–∞—Ç–∏–ª–∏ —Å–≤–æ–∏–º–∏ –Ω–∞–ª–æ–≥–∞–º–∏ —â–∞ –º–µ–¥–æ–±—Å–ª—É–∂–∏–≤–∞–Ω–∏–µ. –î–∞, –µ—â—ë –≤ –ø–æ–ª–∏–∫–ª–∏–Ω–∏–∫–µ –Ω–∞ 1 —ç—Ç–∞–∂–µ –æ–±–æ—Ä—É–¥–æ–≤–∞–Ω –±–æ–ª—å—à–æ–π –±—É—Ñ–µ—Ç! –ó–∞—á–µ–º?
",geo
177194,"–ë—ã–ª–∏ —Å–µ–º—å–µ–π 13.07.23, –∑–∞–∫–∞–∑–∞–ª–∏ —Å–∞–ª–∞—Ç—ã —Ü–µ–∑–∞—Ä—å, –∞–π–¥–∞—Ö–æ –∏ —à–∞—à–ª—ã–∫ –∏–∑ —Ç–µ–ª—è—Ç–∏–Ω—ã, –º–∞–ª–æ —Ç–æ–≥–æ —á—Ç–æ –∂–¥–∞–ª–∏ –¥–æ–ª–≥–æ, —Ö–æ—Ç—è –∫–∞—Ñ–µ –±—ã–ª–æ –ø—É—Å—Ç–æ–µ, —Ç–∞–∫ –µ—â—ë –∏ –ø—Ä–∏–Ω–µ—Å–ª–∏ –∂—É—Ç–∫–∏–µ —Å–∞–ª–∞—Ç—ã, —Å—Ç–∞—Ä—ã–π –∞–π—Å–±–µ—Ä–≥ –∏ –ø–∞—Ä—É —Å–≥–æ—Ä–µ–≤—à–∏—Ö –∫—É—Å–∫–æ–≤ –∫—É—Ä–∏—Ü—ã, –∫–∞—Ä—Ç–æ—à–∫–∞ –±—ã–ª–∞ –∂—É—Ç–∫–æ –∂–∏—Ä–Ω–∞—è –∏ —Å—ã—Ä–∞—è –≤–Ω—É—Ç—Ä–∏, –∞ —à–∞—à–ª—ã–∫ –∏–∑ —Ç–µ–ª—è—Ç–∏–Ω—ã –∑–∞ 900—Ä –≤–æ–æ–±—â–µ —É–±–∏–ª, —ç—Ç–æ –±—ã–ª–∞ –Ω–µ —Ç–µ–ª—è—Ç–∏–Ω–∞, –∞ —Å—Ç–∞—Ä–∞—è, –∂–∏—Ä–Ω–∞—è –≥–æ–≤—è–¥–∏–Ω–∞, –ø–µ—Ä–µ–∂–∞—Ä–µ–Ω–Ω–∞—è, –ø–æ–ø–∏—Ç—å –∑–∞–∫–∞–∑–∞–ª–∏ –º–æ—Ä—Å, –Ω–æ —ç—Ç–æ –º–æ—Ä—Å–æ–º —Å–ª–æ–∂–Ω–æ –Ω–∞–∑–≤–∞—Ç—å, –º–∞–≥–∞–∑–∏–Ω—Å–∫–∏–π —Ä–∞–∑–≤–µ–¥–µ–Ω–Ω—ã–π –≤–æ–¥–æ–π, –æ—Å—Ç–∞–≤–∏–ª–∏ –≤ —ç—Ç–æ–º –∑–∞–≤–µ–¥–µ–Ω–∏–∏ 4 —Ç—ã—Å. –∑–∞ –æ—Ç–≤—Ä–∞—Ç–∏—Ç–µ–ª—å–Ω—É—é –µ–¥—É! –û–±—Å–ª—É–∂–∏–≤–∞–Ω–∏–µ –ø—Ä–æ—Å—Ç–æ –Ω–∞ –Ω—É–ª–µ!!!
",geo
88927,"–î–∞–∂–µ –Ω–µ –∑–Ω–∞—é, –∫–∞–∫ —ç—Ç–æ   –∞–Ω–∏–º–µ, –º–Ω–µ –Ω–µ –ø–æ–ø–∞–¥–∞–ª–æ—Å—å –Ω–∞ –≥–ª–∞–∑–∞ —Ä–∞–Ω—å—à–µ  –Ø–≤–ª—è—é—Å—å –±–æ–ª—å—à–æ–π —Ñ–∞–Ω–∞—Ç–∫–æ–π –ù–µ —Å–¥–∞–≤–∞–π—Å—è!, –∏–º–µ–Ω–Ω–æ –∑–∞ –∞–∫—Ç—ë—Ä—Å–∫—É—é –∏–≥—Ä—É –ö—ë–∫–æ  –∏ —Ç–æ, –∫–∞–∫ –æ–Ω–∞ —Ä–∞–∑–≤–∏–≤–∞–ª–∞—Å—å) –í —Ç–æ  –≤—Ä–µ–º—è —è –ø–µ—Ä–µ—Å–º–æ—Ç—Ä–µ–ª–∞ –º–Ω–æ–≥–æ —Å—ë–¥–∑–µ –ø—ã—Ç–∞—è—Å—å –Ω–∞–π—Ç–∏ —á—Ç–æ-—Ç–æ –ø–æ–¥–æ–±–Ω–æ–µ –∏ –≤–æ—Ç —Ç–æ–ª—å–∫–æ —Å–ø—É—Å—Ç—è –±–æ–ª—å—à–µ –ø—è—Ç–∏ –ª–µ—Ç —è –ø–æ—Å–º–æ—Ç—Ä–µ–ª–∞ –ø—Ä–æ –∞–∫—Ç—ë—Ä—Å—Ç–≤–æ–ß—Ç–æ –∫–∞—Å–∞–µ—Ç—Å—è –¥–∞–Ω–Ω–æ–≥–æ –∞–Ω–∏–º–µ, —Ç–æ –æ–Ω–æ –º–Ω–µ –ø–æ–Ω—Ä–∞–≤–∏–ª–æ—Å—å! –ü–æ—Å–º–æ—Ç—Ä–µ–ª–∞ —è –≤—Å–µ —Å–µ—Ä–∏–∏ –±—É–∫–≤–∞–ª—å–Ω–æ –∑–∞ –≤—ã—Ö–æ–¥–Ω—ã–µ, —Å–º–æ—Ç—Ä–µ–ª–æ—Å—å –ª–µ–≥–∫–æ) –†–∏—Å–æ–≤–∫–∞ —Ö–æ—Ä–æ—à–∞—è, –º—É–∑—ã–∫–∞ –∏ –∞—Ç–º–æ—Å—Ñ–µ—Ä–∞ —Ç–æ–∂–µ –ø–æ–Ω—Ä–∞–≤–∏–ª–∏—Å—å. –ò–∑-–∑–∞ –∫–æ–Ω—Ü–æ–≤–∫–∏  —Ç–æ. —á—Ç–æ –Ω–∞–º —Ç–∞–∫ –∏ –Ω–µ –ø–æ–∫–∞–∑–∞–ª–∏ –∫—Ç–æ —Å—Ç–∞–Ω–µ—Ç '–±–∞–≥—Ä–æ–≤–æ–π –±–æ–≥–∏–Ω–µ–π"" ' —è –±—ã —É–±—Ä–∞–ª–∞, –∫–∞–∫ –º–∏–Ω–∏–º—É–º —Å–µ—Ä–∏–π –¥–µ—Å—è—Ç—å..–ø–æ–∂–∞–ª—É–π –Ω–µ–º–Ω–æ–≥–æ –∑–∞—Ç—è–Ω—É–ª–∏. –õ—é–±–æ–≤–Ω–∞—è –ª–∏–Ω–∏—è ...—Ö–º–º–º...–æ–Ω–∞ –µ—Å—Ç—å, —É –≥–ª–∞–≤–Ω–æ–π –≥–µ—Ä–æ–∏–Ω–∏ –±—ã–ª–∏ –≤–æ–∑–ª—é–±–ª–µ–Ω–Ω—ã–µ, –ø–æ–∫–ª–æ–Ω–Ω–∏–∫–∏..–Ω–æ —Ç–æ–≥–æ –µ–¥–∏–Ω—Å—Ç–≤–µ–Ω–Ω–æ–≥–æ –º—ã –ø–æ—á—Ç–∏ —É–≤–∏–¥–µ–ª–∏ —Ç–æ–ª—å–∫–æ  –≤ –ø–æ—Å–ª–µ–¥–Ω–µ–π —Å–µ—Ä–∏–∏   –∏ —Ç–æ —Ä–∞–∑–º—ã—Ç–æ –°–∞–º–∞ –ø–æ —Å–µ–±–µ –ú–∞–π—è  –≤–ø–æ–ª–Ω–µ —Å–Ω–æ—Å–Ω–∞—è –∏ —Ç—Ä—É–¥–æ–ª—é–±–∏–≤–∞—è. –≤–µ—Å—å–º–∞ –≤–µ—Å—ë–ª–∞—è –∏  –ø–æ–∑–∏—Ç–∏–≤–Ω–∞—è, —Ö–æ—Ç—è –æ–ø—è—Ç—å –∂–µ, –±—ã–ª–æ –∫—É—á–∞ –º–æ–º–µ–Ω—Ç–æ–≤, –∫–æ–≥–¥–∞ –æ–Ω–∞ –±–µ—Å–∏–ª–∞.  –ê—é–º–∏  –º–Ω–µ –ø–æ–Ω—Ä–∞–≤–∏–ª–æ—Å—å –∫—É–¥–∞ –±–æ–ª—å—à–µ ! –ü–æ–¥—ã—Ç–æ–∂–∏–≤) –ê–Ω–∏–º–µ —Å—Ç–∞–≤–ª—é 8/10, –ø–æ—Å—Ç–∞–≤–∏–ª–∞ –±—ã –≤—ã—à–µ, –Ω–æ –º–µ–Ω—è –Ω–µ —É—Å—Ç—Ä–æ–∏–ª–∞ –∫–æ–Ω—Ü–æ–≤–∫–∞, —Ö–æ—Ç—è –æ–Ω–∞ –∏ –Ω–µ–ø–ª–æ—Ö–∞—è) –£–∂ —Ç–æ—á–Ω–æ –ª—É—á—à–µ, —á–µ–º –≤  –ù–µ —Å–¥–∞–≤–∞–π—Å—è!.–°–æ–≤–µ—Ç—É—é –∫ –ø—Ä–æ—Å–º–æ—Ç—Ä—É!!!  ",anime
82545,"–≥–æ—Ä–∞–∑–¥–æ —Ç–æ–Ω—å—à–µ —á–µ–º –Ω–∞ —Ñ–æ—Ç–æ –∏ —Å–∏–ª—å–Ω–æ –º–∞–ª–æ–º–µ—Ä–∏—Ç, –ø–ª—é—Å –ø—Ä–æ—Å–≤–µ—á–∏–≤–∞–µ—Ç, —Ä–∞—Å—Å—Ç—Ä–æ–µ–Ω–∞.",rureviews
82705,"–®—ë–ª –æ—á–µ–Ω—å –¥–æ–ª–≥–æ, –Ω–µ –æ—Ç—Å–ª–µ–∂–∏–≤–∞–ª–∞—Å—å, –æ—Ç–∫—Ä—ã–ª–∞ —Å–ø–æ—Ä, —Ç–æ–ª—å–∫–æ –ø–æ—Å–ª–µ —ç—Ç–æ–≥–æ –≤—Å–µ —Å—Ç–∞–ª–æ –æ—Ç—Å–ª–µ–∂–∏–≤–∞—Ç—å—Å—è. –ù–∞ –ø–æ–ø–µ –Ω–µ –∑–∞—Å—Ç—ë–≥–∏–≤–∞–µ—Ç—Å—è , —Ä–∞–∑–º–µ—Ä s",rureviews
69811,–ó–∞–∫–∞–∑ –Ω–µ –ø–æ–ª—É—á–∏–ª–∞- –ø—Ä–æ–¥–∞–≤–µ—Ü –æ–±–º–∞–Ω—â–∏–∫,rureviews
147173,"—Ö–æ—á—É –≤—ã—Ä–∞–∑–∏—Ç—å –±–æ–ª—å—à—É—é –±–ª–∞–≥–æ–¥–∞—Ä–Ω–æ—Å—Ç—å—é  –∫–æ–º–ø–∞–Ω–∏–∏ ""–°–æ—é–∑ –Æ—Ä–∏—Å—Ç–æ–≤"" –≥ –í–µ–ª–∏–∫–∏–µ –õ—É–∫–∏- –û–ª—å–≥–µ –ß–µ—Ä–≤–æ–Ω–æ—à–∞–ø–∫–µ, –¢—é–ª—å–∫–æ–≤–æ–π –ü–æ–ª–∏–Ω–µ –∏ –§–∏–ª–∏–ø–ø–æ–≤—É –°—Ç–∞–Ω–∏—Å–ª–∞–≤—É –∑–∞ –æ–∫–∞–∑–∞–Ω–Ω—É—é –ø–æ–º–æ—â—å –≤ –º–æ–µ–π –ø—Ä–æ–±–ª–µ–º–µ. –í—Å—ë –æ–±—ä—è—Å–Ω–∏–ª–∏, —Ä–∞—Å—Å–∫–∞–∑–∞–ª–∏ –∏ –ø–æ–º–æ–≥–ª–∏ –Ω–∞ –∫–∞–∂–¥–æ–º —ç—Ç–∞–ø–µ –ø—Ä–æ—Ü–µ–¥—É—Ä—ã. –°–ø–∞—Å–∏–±–æ –í–∞–º –æ–≥—Ä–æ–º–Ω–æ–µ!!!
",geo
283079,–†—É–∫–∫–æ–ª–∞ –±—ã–ª–∞ –º–µ–≥–∞ —Å–≤–µ–∂–µ–π –∏ –≤–∫—É—Å–Ω–æ–π.,perekrestok
61992,"—Ç–æ–≤–∞—Ä –Ω–µ –ø—Ä–∏—à–µ–ª, –æ—Ç–∫—Ä—ã–ª–∞ —Å–ø–æ—Ä, –æ–∂–∏–¥–∞—é –≤–æ–∑–≤—Ä–∞—Ç –¥–µ–Ω–µ–≥",rureviews
187005,"–ë—ã–ª–∏ –Ω–∞ —Ä–æ–¥–∏—Ç–µ–ª—å—Å–∫–æ–º –¥–Ω–µ, –≤ —Ü–µ–ª–æ–º —Å–æ–¥–µ—Ä–∂–∞–Ω–∏–µ –¥–µ—Ç–µ–π –≤ –ø–æ—Ä—è–¥–∫–µ. –ö–æ–º–Ω–∞—Ç—ã —á–∏—Å—Ç—ã–µ, –ø–æ –ø–∏—Ç–∞–Ω–∏—é –ø—Ä–µ—Ç–µ–Ω–∑–∏–π –Ω–µ –±—ã–ª–æ. –¢–µ—Ä—Ä–∏—Ç–æ—Ä–∏—è –æ–∑–µ–ª–µ–Ω–µ–Ω–∞, –±–∞—Å—Å–µ–π–Ω, –ø—Ä–∞–≤–¥–∞, –±—ã–ª –Ω–∞ —É–ª–∏—Ü–µ –∏ –ø–æ –ø–æ–≥–æ–¥–Ω—ã–µ —É—Å–ª–æ–≤–∏—è–º, –Ω–µ –∏—Å–ø–æ–ª—å–∑–æ–≤–∞–ª—Å—è. –≠—Ç–æ –ø–ª—é—Å—ã. –ú–∏–Ω—É—Å—ã: –±–µ–∑—Ä–∞–∑–ª–∏—á–Ω–æ–µ –æ—Ç–Ω–æ—à–µ–Ω–∏–µ –≤–æ–∂–∞—Ç—ã—Ö –∫ –¥–µ—Ç—è–º. –í–∏–¥–∏–º–æ, –≤–æ–∂–∞—Ç—ã–µ —Å–∞–º–∏ —Ç—É–¥–∞ –µ–¥—É—Ç –æ—Ç–¥—ã—Ö–∞—Ç—å, –∞ –Ω–µ —Å–ª–µ–¥–∏—Ç—å –∑–∞ –¥–µ—Ç—å–º–∏. –î–µ—Ç–∏ –ø—Ä–µ–¥–æ—Å—Ç–∞–≤–ª–µ–Ω—ã —Å–µ–±–µ. –°—Ç–∞—Ä—à–∏–µ –∏–∑–¥–µ–≤–∞–ª–∏—Å—å –Ω–∞–¥ –º–ª–∞–¥—à–∏–º–∏, —Å–∏–ª—å–Ω—ã–µ –Ω–∞–¥ —Å–ª–∞–±—ã–º–∏, –±—ã–ª–æ —É–∫—Ä–∞–¥–µ–Ω–æ –º–Ω–æ–≥–æ –ª–∏—á–Ω—ã—Ö –≤–µ—â–µ–π. –ù–æ –≥–ª–∞–≤–Ω–æ–µ, —á—Ç–æ —Ä–µ–±—ë–Ω–∫–∞ –ø–æ—Ç–æ–º –µ—â—ë –¥–æ–ª–≥–æ –≤–æ—Å—Å—Ç–∞–Ω–∞–≤–ª–∏–≤–∞—é –æ—Ç –º–æ—Ä–∞–ª—å–Ω—ã—Ö —Ç—Ä–∞–≤–º. –ú–Ω–æ–≥–∏–µ –≤–µ—â–∏, –∫–æ—Ç–æ—Ä—ã–µ —Ç–∞–º –ø—Ä–æ–∏—Å—Ö–æ–¥–∏–ª–∏, –ª–µ–≥–∫–æ –ø–æ–ø–∞–¥–∞—é—Ç –ø–æ–¥ —Å—Ç–∞—Ç—å—é. –Ø –Ω–µ —Ä–µ–∫–æ–º–µ–Ω–¥—É—é. 
",geo
56775,"–î–≤–µ –Ω–µ–¥–µ–ª–∏ –¥–æ –ú–û, –∏ —Å–≤–∏—Ç–µ—Ä –ø—Ä–æ—Å—Ç–æ –∫–ª–∞—Å—Å–Ω—ã–π! –†–∞–∑–º–µ—Ä –∏ –¥–ª–∏–Ω–∞ —Ç–æ —á—Ç–æ –Ω—É–∂–Ω–æ, –≤–∏–¥ –∑–∞–º–µ—á–∞—Ç–µ–ª—å–Ω—ã–π! –ü–æ–¥–Ω—è–ª –Ω–∞—Å—Ç—Ä–æ–µ–Ω–∏–µ –∏ –º–Ω–µ –∏ –º—É–∂—É :) –°–ø–∞—Å–∏–±–æ!",rureviews
92793,"–ù–∞—á–∞–ª —Å–º–æ—Ç—Ä–µ—Ç—å, —á—Ç–æ–±—ã –¥–æ–±–∏—Ç—å –ª—é–±–∏–º—É—é —Ñ—Ä–∞–Ω—à–∏–∑—É.–ö–∞–∫ –∏—Ç–æ–≥:70-80% - —Ñ–ª—ç—à–±—ç–∫–∏ –ø–µ—Ä–≤–æ–≥–æ —Å–µ–∑–æ–Ω–∞, –≤ –∫–æ–Ω—Ü–µ –º–∏–∫—Ä–æ—Å–µ—Ä–∏–π–∫–∞ (–æ–Ω–∞ –ø–æ —Å—É—Ç–∏ —à–ª–∞ –≤–µ—Å—å —Ñ–∏–ª—å–º, –Ω–æ –ø–µ—Ä–≤—ã–µ 70-80% –ª—é–±—ã–µ —Å–ª–æ–≤–∞ –ø–µ—Ä—Å–æ–Ω–∞–∂–µ–π –æ—Ç—Å—ã–ª–∞–ª–∏ –∫ –≤–æ—Å–ø–æ–º–∏–Ω–∞–Ω–∏—è–º 1-–≥–æ —Å–µ–∑–æ–Ω–∞). –°–∞–º –ø–æ —Å–µ–±–µ —Å—é–∂–µ—Ç –º–∏–∫—Ä–æ—Å–µ—Ä–∏–π–∫–∏ –º–Ω–µ –∑–∞—à—ë–ª —Ç–∞–∫ —Å–µ–±–µ, –∏–±–æ —Å–ø–æ–π–ª–µ—Ä—É —Å–µ—Å—Ç—Ä–∏—Ü—ã –ö–∏—Ä–∏—Ç–æ —Å–ª–æ–≤–Ω–æ –∑–∞–≤—è–∑—ã–≤–∞–ª–∞—Å—å –∫–∞–∫–∞—è-—Ç–æ —Ç—Ä–∞–±–ª–∞ –Ω–∞ –æ—Å–Ω–æ–≤–µ –±–µ—Å–ø–æ–ª–µ–∑–Ω–æ—Å—Ç–∏ —Å—Ä–µ–¥–∏ –æ—Å—Ç–∞–ª—å–Ω–æ–π –µ–≥–æ –∫–æ–º–ø–∞–Ω–∏–∏, –Ω–æ –ø–æ—Ç–æ–º —ç—Ç–æ —Ä–∞—Å—Å–æ—Å–∞–ª–æ—Å—å, –∫–∞–∫ –∏ –ø–æ—è–≤–∏–ª–æ—Å—å., –Ω–æ –≤—Å—ë —Ç–æ—Ç –∂–µ –≤–∞–π–± SAO –º–∏—Ä–∞ –Ω–∞ –º–µ—Å—Ç–µ. –ü–æ —Å—É—Ç–∏ —ç—Ç–æ –∏–∑–¥–∞–Ω–∏–µ –≤—ã—à–ª–æ –º–µ–∂–¥—É –ø–µ—Ä–≤—ã–º –∏ –≤—Ç–æ—Ä—ã–º —Å–µ–∑–æ–Ω–æ–º, –∏ –∑–∞–¥—É–º–∫–∞ –µ–≥–æ - –æ—Å–≤–µ–∂–∏—Ç—å –∑—Ä–∏—Ç–µ–ª—è–º –ø–∞–º—è—Ç—å –æ –ø–µ—Ä–≤–æ–º –∏ –Ω–∞—Å—Ç—Ä–æ–∏—Ç—å –Ω–∞ –≤–∞–π–± –≤—Å–µ–ª–µ–Ω–Ω–æ–π, –º–± –≤ –∫–æ–Ω—Ü–µ –¥–∞–∂–µ –±—ã–ª –Ω–∞–º—ë–∫ –Ω–∞ –≤—Ç–æ—Ä–æ–π —Å–µ–∑–æ–Ω. –ó–∞–¥—É–º–∫–∞ –ø—Ä–µ–∫—Ä–∞—Å–Ω–∞—è, –¥–∞ –≤–æ—Ç —Ç–æ–ª—å–∫–æ —Å–µ–π—á–∞—Å, –∫–æ–≥–¥–∞ –≤—Å—ë —É–∂–µ –≤—ã–ø—É—â–µ–Ω–æ, —Å–º—ã—Å–ª–∞ —ç—Ç—É –û–í–£ —Å–º–æ—Ç—Ä–µ—Ç—å –Ω–µ—Ç, —Ä–∞–∑–≤–µ —á—Ç–æ –ª—é–±–∏—Ç–µ–ª—è–º —Ñ–∏–ª–ª–µ—Ä–æ–≤ –º–æ—Ç–Ω—É—Ç—å —Å—Ä–∞–∑—É –∫ –Ω–µ–º—É.–î–ª—è —Ç–µ—Ö, –∫—Ç–æ –Ω–µ —Ö–æ—á–µ—Ç —Ç—Ä–∞—Ç–∏—Ç—å –≤—Ä–µ–º—è –Ω–∞ —Ñ–ª—ç—à–±—ç–∫–∏ 1-–≥–æ —Å–µ–∑–æ–Ω–∞, –º–æ—Ç–∞–π—Ç–µ –Ω–∞ 1 —á–∞—Å 20 –º–∏–Ω—É—Ç. –í—Å—ë, —á—Ç–æ –ø—Ä–æ–∏–∑–æ—à–ª–æ –¥–æ —ç—Ç–æ–≥–æ - —Å–ø–æ–π–ª–µ—Ä–ö–∞–∫ —è –ø–æ–Ω—è–ª —Å–≤–æ–±–æ–¥–Ω—ã–µ –¥–µ–Ω—å–∫–∏, –ê—Å—É–Ω–∞, –°—É–≥—É—Ö–∞ (—Å–µ—Å—Ç—Ä–∏—Ü–∞ –ö–∏—Ä–∏—Ç–æ), –†–∏–∫–∞(—Ä–æ–∑–æ–≤–æ–ª–æ—Å–∞—è –∫—É–∑–Ω–µ—Ü) –∏ –ö—ç–π–∫–æ(–¥–µ–≤—á—É–ª—è, –∫–æ—Ç–æ—Ä–æ–π –ö–∏—Ä–∏—Ç–æ –ø–æ–º–æ–≥ ~–≤–æ–∑—Ä–æ–¥–∏—Ç—å –≥–æ–ª—É–±–æ–≥–æ —Ñ–∞–º–∏–ª—å—è—Ä–∞) –æ—Ç–ø—Ä–∞–≤–∏–ª–∏—Å—å –≤ –±–∞—Å–∏–∫ –ø–æ–º–æ–≥–∞—Ç—å –°—É–≥—É—Ö–µ —É—á–∏—Ç—å—Å—è –ø–ª–∞–≤–∞—Ç—å, –∞ –ö–∏—Ä–∏—Ç—ã—á–∞ –≤—ã–∑–≤–∞–ª –°—ç–π–¥–∑–∏—Ä–æ –ö–∏–∫—É–æ–∫–∞, –¥–∞–±—ã —É–∑–Ω–∞—Ç—å –ø–æ–±–æ–ª—å—à–µ, —á—Ç–æ –ø—Ä–æ–∏—Å—Ö–æ–¥–∏–ª–æ –≤ SAO. –ò –≤—Å—ë —ç—Ç–æ –≤—Ä–µ–º—è –ø—Ä–æ—Å—Ç–æ –∑–∞–≤–∞–ª–µ–Ω–æ –Ω–∞–≤–æ–¥—è—â–∏–º–∏ –≤–æ–ø—Ä–æ—Å–∞–º–∏ –ø–µ—Ä—Å–æ–Ω–∞–∂–µ–π –∏ —Ñ–ª—ç—à–±—ç–∫–∞–º–∏ –æ—Ç –Ω–∏—Ö –∏—Å—Ö–æ–¥—è—â–∏–º–∏.",anime
255353,"–ò—Å–ø–æ—Ä—Ç–∏–ª–∞—Å—å —Å–º–µ—Å—å. –ù–∞–ø–æ–ª–Ω–µ–Ω–∏–µ - –∫–∞–∫ –ø–æ–≤–µ–∑–µ—Ç. –ï—Å–ª–∏ –ø–æ–≤–µ–∑–µ—Ç, —Ç–æ —á–µ—Ç–≤–µ—Ä—Ç—å –ø–∞–∫–µ—Ç–∞ –ª—É–∫–∞. –ï—Å–ª–∏ –Ω–µ—Ç, —Ç–æ —Ç—Ä–µ—Ç—å. –ú–∞–ª–æ –æ–±—â–µ–≥–æ —Å –∫–∞—Ä—Ç–∏–Ω–∫–æ–π —Å—Ç–∞–ª–æ, —Ö–æ—Ç—è —Ä–∞–Ω—å—à–µ –≤—Å–µ–≥–¥–∞ –±—Ä–∞–ª–∏ –∏ –±—ã–ª–æ –æ–∫. –ü–æ –∞–∫—Ü–∏–∏ –≤–∑—è—Ç—å –µ—â–µ –∫—É–¥–∞ –Ω–∏ —à–ª–æ, –Ω–æ –∑–∞ 145—Ä - –æ–Ω–æ —Ç–æ–≥–æ –≤–æ–æ–±—â–µ –Ω–µ —Å—Ç–æ–∏—Ç. ",perekrestok
10373,—Å–ª–∏—à–∫–æ–º —É–∂ —Ç–æ–Ω–∫–∞—è –∏ –ø—Ä–æ–∑—Ä–∞—á–Ω–∞—è —Ç–∫–∞–Ω—å. –∏ —à–≤—ã –æ–±—Ä–∞–±–æ—Ç–∞–Ω—ã –Ω–µ –∫–∞—á–µ—Å—Ç–≤–µ–Ω–Ω–æ,rureviews
12314,–∑–∞–∫–∞–∑ –ø—Ä–∏—à–µ–ª —á–µ—Ä–µ–∑ –º–µ—Å—è—Ü. –∫–æ—Ñ—Ç–æ—á–∫–∞ –Ω–∞ 3+. —Ü–≤–µ—Ç –Ω–µ —Å–æ–≤–ø–∞–¥–∞–µ—Ç –±–ª–µ–¥–Ω—ã–π. —Ä—É–∫–æ–≤–∞ –∫–æ—Ä–æ—Ç–∫–∏–µ.,rureviews
172590,"–¢–∞–∫ –ª—é–±–∏–ª–∞ –ø–∏—Ä–æ–∂–∫–∏ –∏ –ø–∏—Ä–æ–∂–Ω—ã–µ –∏–∑ —ç—Ç–æ–π –ø–µ–∫–∞—Ä–Ω–∏.  –ê—Ä–æ–º–∞—Ç–Ω—ã–µ,  –≤–∫—É—Å–Ω—ã–µ,  –∞–ø–ø–µ—Ç–∏—Ç–Ω—ã–µ.  –ï—Å–ª–∏ –ø–∏—Ä–æ–≥–∏ –≤—á–µ—Ä–∞—à–Ω–∏–µ,  –ø—Ä–µ–¥–ª–∞–≥–∞–ª–∏ —Å–∫–∏–¥–∫—É.  –ù–æ –∏ –≤—á–µ—Ä–∞—à–Ω–∏–µ –ø–∏—Ä–æ–≥–∏ –±—ã–ª–∏ –æ—á–µ–Ω—å –≤–∫—É—Å–Ω—ã–º–∏!  –ù–æ –ø–æ—Å–µ—Ç–∏–≤ –Ω–µ–¥–∞–≤–Ω–æ —ç—Ç–æ –∑–∞–≤–µ–¥–µ–Ω–∏–µ,  —É–≤–∏–¥–µ–ª–∞ –≤ –æ—á–µ—Ä–µ–¥–Ω–æ–π —Ä–∞–∑ –¥—Ä—É–≥–∏—Ö –ø—Ä–æ–¥–∞–≤—Ü–æ–≤,  –ø—Ä–æ–∫—É—Ä–µ–Ω–Ω—ã—Ö —Ç—ë—Ç–æ–∫.  –ö—É–ø–∏–ª–∞,  –∫–∞–∫ –æ–±—ã—á–Ω–æ –ª—é–±–∏–º—ã–µ –∫–æ—Ä–∑–∏–Ω–æ—á–∫–∏ —Å –∫—É—Ä–∏—Ü–µ–π –∏ –≥—Ä–∏–±–∞–º–∏ –∏ –∑–∞–≤–∞—Ä–Ω—ã–º –∫–æ–ª—å—Ü–∞.  –ö–æ—Ä–∑–∏–Ω–æ—á–∫–∏ –æ–∫–∞–∑–∞–ª–∏—Å—å —Å—É—Ö–∞—Ä—è–º–∏ —Å –∫–∏—Å–ª–æ–π –Ω–∞—á–∏–Ω–∫–æ–π,  –∞ –∫–æ–ª—å—Ü–∞ —Å—É—Ö–∞—Ä—è–º–∏ —Å —Ö–∏–º–∏—á–µ—Å–∫–æ–π —Ç–∏–ø–∞ —Ç–≤–æ—Ä–æ–∂–Ω–æ–π –Ω–∞—á–∏–Ω–∫–æ–π.  –•–æ—Ç—è –º–Ω–µ –∏—Ö –≤—ã–Ω–µ—Å–ª–∏ —Ç–∏–ø–∞ —Å–≤–µ–∂–∞–π—à–∏–µ.  –ö–æ–ª—å—Ü–∞ –ø—Ä–∏—à–ª–æ—Å—å –≤–µ—Ä–Ω—É—Ç—å,  –µ—Å—Ç—å –±—ã–ª–æ –Ω–µ–≤–æ–∑–º–æ–∂–Ω–æ.  –†–µ–∫–æ–º–µ–Ω–¥—É—é,  –µ—Å–ª–∏ –∏ –ø–æ–∫—É–ø–∞—Ç—å –≤ —ç—Ç–æ–º –∑–∞–≤–µ–¥–µ–Ω–∏–∏,  –ø—Ä–æ–±–æ–≤–∞—Ç—å –≤—Å–µ –Ω–∞ –º–µ—Å—Ç–µ,  –≤ —Å–ª—É—á–∞–µ –Ω–µ—Å—å–µ–¥–æ–±–Ω–æ—Å—Ç–∏ –≤–æ–∑–≤—Ä–∞—â–∞—Ç—å —Å—Ä–∞–∑—É.  –†—É–∫–æ–≤–æ–¥—Å—Ç–≤—É —Ö–æ—á–µ—Ç—Å—è —Å–æ–æ–±—â–∏—Ç—å,  —á—Ç–æ –Ω–∞—Å—Ç–æ–ª—å–∫–æ —Ä–∞–¥–æ–≤–∞–ª–æ —ç—Ç–æ –∑–∞–≤–µ–¥–µ–Ω–∏–µ –¥–æ—Å—Ç–æ–π–Ω–æ–π –≤—ã–ø–µ—á–∫–æ–π –∏ —Å–∫–∞—Ç–∏–ª–∞—Å—å –¥–æ –æ—á–µ—Ä–µ–¥–Ω–æ–π –≤–æ–∫–∑–∞–ª—å–Ω–æ–π –∑–∞–±–µ–≥–∞–ª–æ–≤–∫–∏.  –û—á–µ–Ω—å –∂–∞–ª—å!!!
",geo
209522,"–û—á–µ–Ω—å –∑–∞–∏–Ω—Ç–µ—Ä–µ—Å–æ–≤–∞–ª–∞—Å—å —ç—Ç–∏–º —Ñ–∏–ª—å–º–æ–º –ø–æ—Å–ª–µ —Ç–æ–≥–æ, –∫–∞–∫ –ø—Ä–æ—á–∏—Ç–∞–ª–∞ –µ–≥–æ –æ–ø–∏—Å–∞–Ω–∏–µ...–î—É–º–∞–ª–∞ –º–µ–Ω—è –∂–¥–µ—Ç —Ç—Ä–æ–≥–∞—Ç–µ–ª—å–Ω–∞—è –∏ –Ω–µ–∂–Ω–∞—è –∏—Å—Ç–æ—Ä–∏—è –æ –∫—Ä–∞—Å–∏–≤–æ–π –¥–µ–≤—É—à–∫–µ...

–ê –≤ –∏—Ç–æ–≥–µ —Å–º–æ—Ç—Ä–µ–ª–∞ —Ñ–∏–ª—å–º —Å –æ—â—É—â–µ–Ω–∏–µ–º –Ω–µ–∫–æ—Ç–æ—Ä–æ–≥–æ –æ—Ç–≤—Ä–∞—â–µ–Ω–∏—è –∫ –î–∂–∏–∞, –≤—Å–µ –µ–µ –ø–æ—Å—Ç—É–ø–∫–∏ –±—ã–ª–∏ –∫–∞–∫–∏–º–∏-—Ç–æ —É–∂ —Å–ª–∏—à–∫–æ–º —ç–∫—Å–ø—Ä–µ—Å—Å–∏–≤–Ω—ã–º–∏. –î–∞, –∫–æ–Ω–µ—á–Ω–æ –ª–∏—á–Ω–æ—Å—Ç—å –µ–µ —Ç–∏–ø–∞ —ç—Ç–æ –ø—Ä–∏—Å—É—â–µ, –Ω–æ –≤—Å–µ –∂–µ –≤—Å—è –µ–µ –∂–∏–∑–Ω—å –¥–ª—è –º–µ–Ω—è –ø—Ä–∏–º–µ—Ä —Ç–æ–≥–æ, –∫–∞–∫ –Ω–µ –Ω—É–∂–Ω–æ –¥–µ–ª–∞—Ç—å...–•–æ—Ç—è –µ–µ –±—ã–ª–æ –∏ –∂–∞–ª–∫–æ, –≤—Å–µ —ç—Ç–∏ –ø–æ—Å—Ç—É–ø–∫–∏ –±—ã–ª–∏ –≤—ã–∑–≤–∞–Ω—ã –µ–µ –≤–Ω—É—Ç—Ä–µ–Ω–Ω–∏–º–∏ –ø–µ—Ä–µ–∂–∏–≤–∞–Ω–∏—è–º–∏ –∏ –∫–æ–Ω—Ñ–ª–∏–∫—Ç–∞–º–∏.

–ê–Ω–¥–∂–µ–ª–∏–Ω–∞ –î–∂–æ–ª–∏ –≤ —Ä–æ–ª–∏ –î–∂–∏–∏ –±—ã–ª–∞ –ø—Ä–æ—Å—Ç–æ –∑–∞–º–µ—á–∞—Ç–µ–ª—å–Ω–æ–π, –µ–π —É–¥–∞–ª–æ—Å—å –ø—Ä—è–º —Ç–∞–∫–∏ –≤–∂–∏—Ç—å—Å—è –≤ —ç—Ç—É —Ä–æ–ª—å. 

–í —Ü–µ–ª–æ–º —Ñ–∏–ª—å–º –Ω–µ–ø–ª–æ—Ö–æ–π, —É—á–∏—Ç –Ω–∞—Å —Ç–æ–º—É, —á—Ç–æ–±—ã –º—ã –ø–æ–ø—É—Å—Ç—É –Ω–µ —Å–∂–∏–≥–∞–ª–∏ –Ω–∞—à–∏ –∂–∏–∑–Ω–∏, –ø—Ä–∏–Ω–∏–º–∞—è –Ω–∞—Ä–∫–æ—Ç–∏–∫–∏ –∏ –ø—Ä–∏–Ω–∏–º–∞—è –Ω–µ–≤–µ—Ä–Ω—ã–µ —Ä–µ—à–µ–Ω–∏—è –∏ –≤—Å–µ —ç—Ç–æ –Ω–∞–º –ø–æ–∫–∞–∑–∞–Ω–æ –Ω–∞ –ø—Ä–∏–º–µ—Ä–µ —Å—É–ø–µ—Ä-–º–æ–¥–µ–ª–∏ –î–∂–∏–∏ –ú–∞—Ä–∏ –ö–∞—Ä–∞–Ω–¥–∂–∏.

P.S. –ü—Ä–∏ –∂–µ–ª–∞–Ω–∏–∏ –º–æ–∂–Ω–æ –ø–æ—Å–º–æ—Ç—Ä–µ—Ç—å —ç—Ç–æ—Ç —Ñ–∏–ª—å–º. 

6 –∏–∑ 10",kinopoisk
270130,–¢–∞–∫ —Å–µ–±–µ. –£ –¥—Ä—É–≥–æ–π –º–∞—Ä–∫–∏ –±–æ–ª—å—à–µ –Ω–∞ –Ω–∞—Å—Ç–æ—è—â—É—é –≤–∞—Ä—ë–Ω—É—é —Å–≥—É—â—ë–Ω–∫—É –ø–æ—Ö–æ–∂–∞.,perekrestok
128405,"–ü—Ä–µ–¥—Å—Ç–∞–≤–ª—è—é –º–æ–π –æ–±—ã—á–Ω—ã–π –ª—é–±–∏—Ç–µ–ª—å—Å–∫–∏–π –æ—Ç–∑—ã–≤:\n–†–µ—Å—Ç–æ—Ä–∞–Ω/–∞–∑–∏–∞—Ç—Å–∫–æ–µ –±–∏—Å—Ç—Ä–æ –Ω–µ –æ–ø—Ä–∞–≤–¥–∞–ª –æ–∂–∏–¥–∞–Ω–∏–π( –ï–¥–∏–Ω—Å—Ç–≤–µ–Ω–Ω–æ–µ, —á—Ç–æ –ø–æ–Ω—Ä–∞–≤–∏–ª–æ—Å—å –∏–∑ –µ–¥—ã- —ç—Ç–æ —Ç–µ–º–ø—É—Ä–∞ —Å –ö–∞–º—á–∞—Ç—Å–∫–∏–º –∫—Ä–∞–±–æ–º, –µ–µ —Ç—É—Ç –º–Ω–æ–≥–∏–µ –≤ –∫–æ–º–º–µ–Ω—Ç–∞—Ä–∏—è—Ö —Ö–≤–∞–ª—è—Ç. –ß–∞–π —Å –≥—Ä–∞–Ω–∞—Ç–æ–º —Ç–æ–∂–µ –±—ã–ª –Ω–µ –ø–ª–æ—Ö. –•–æ—Ä–æ—à–∏–π –¥–∏–∑–∞–π–Ω –ø–æ–º–µ—â–µ–Ω–∏—è, –ù–û –∫–∞–∫ –ø–æ –º–Ω–µ –¥–æ—Å—Ç–∞—Ç–æ—á–Ω–æ —Ç–µ—Å–Ω–æ (–ø—Ä–µ–¥–ø–æ–ª–∞–≥–∞—é, —á—Ç–æ —Ç–∞–∫ –∏ –∑–∞–¥—É–º–∞–Ω–æ), –ø–µ—Ä—Å–æ–Ω–∞–ª—É –∏ –≥–æ—Å—Ç—è–º –Ω–µ –æ—á–µ–Ω—å —É–¥–æ–±–Ω–æ –ø–µ—Ä–µ–¥–≤–∏–≥–∞—Ç—å—Å—è, –æ—Å–æ–±–µ–Ω–Ω–æ –∫–æ–≥–¥–∞ –±–æ–ª—å—à–∞—è –∑–∞–≥—Ä—É–∂–µ–Ω–Ω–æ—Å—Ç—å. –¢–∞–∫–∂–µ —Å–ª–∏—à–∫–æ–º –≥—Ä–æ–º–∫–æ –∏–≥—Ä–∞–µ—Ç –º—É–∑—ã–∫–∞, –ø–æ—Ç–æ–º –æ—Ç–∫—É–¥–∞-—Ç–æ –∫—Ç–æ-—Ç–æ –Ω–∞—á–∞–ª —Å–≤–µ—Ä–ª–∏—Ç—å, –∏ –Ω–∞—á–∞–ª–∞—Å—å –∞—Ç–º–æ—Å—Ñ–µ—Ä–∞ —Ö–∞—É—Å–∞. –û—Ç–¥–µ–ª—å–Ω–æ–µ –≤–Ω–∏–º–∞–Ω–∏–µ —Ö–æ—á—É —É–¥–µ–ª–∏—Ç—å —Ä–∞–º—ë–Ω—É, –∫–æ—Ç–æ—Ä—ã–π, –∫–∞–∫ —è –ø–æ–Ω—è–ª–∞, —è–≤–ª—è–µ—Ç—Å—è —Ö–∏—Ç–æ–º —ç—Ç–æ–≥–æ –º–µ—Å—Ç–∞. –û–ø–∏—à—É –µ–≥–æ —Ç–∞–∫ - –æ—Ç–Ω–æ—Å–∏—Ç–µ–ª—å–Ω–æ –Ω–µ–ø–ª–æ—Ö–æ:) –ë—É–ª—å–æ–Ω –∫–∞–∫ –±—É–¥—Ç–æ –±—ã —Å–≤–∞—Ä–µ–Ω –Ω–∞ –æ—Å–Ω–æ–≤–µ –≤–µ—Ç—á–∏–Ω—ã, –∏ —Ç—É–¥–∞ –∂–µ –µ—â–µ –∏ –¥–æ–±–∞–≤–ª–µ–Ω –∫—Ä–∞—Ö–º–∞–ª, —á—Ç–æ –¥–µ–ª–∞–µ—Ç –≤–∫—É—Å –≤—Å–µ–≥–æ –±–ª—é–¥–∞ ¬´–Ω–∞ –ª—é–±–∏—Ç–µ–ª—è¬ª, –∞ –≤–æ–∑–º–æ–∂–Ω–æ –æ–Ω –ø–æ–ø—Ä–æ—Å—Ç—É –Ω–µ–≤–∫—É—Å–Ω—ã–π. –ü–æ—Ä—Ü–∏–∏ –º–∞–ª–æ–≤–∞—Ç—ã, –Ω–µ–º–Ω–æ–≥–æ –¥–∞–∂–µ —Å–º–µ—à–Ω–æ, –ø–æ–Ω–∏–º–∞—é, —á—Ç–æ —Ç–∞ –∂–µ —Ç–µ–º–ø—É—Ä–∞ –≤ —Ä–∞–∑–¥–µ–ª–µ ¬´–∑–∞–∫—É—Å–∫–∏¬ª, –Ω–æ 3 —Ä–æ–ª–ª–∞ –∑–∞–ª–∏—Ç—ã–µ, —á–µ—Å—Ç–Ω–æ –≥–æ–≤–æ—Ä—è, –Ω–µ –æ—á–µ–Ω—å –∫–∞—á–µ—Å—Ç–≤–µ–Ω–Ω—ã–º —Å–æ—É—Å–æ–º (—Ö–æ—Ç—å –æ–Ω –∏ –≤–∫—É—Å–Ω—ã–π), –Ω–µ–º–Ω–æ–≥–æ –º–µ–Ω—è —Ä–∞–∑–æ—á–∞—Ä–æ–≤–∞–ª–∏. –¢–∞–∫–∂–µ –£–¥–æ–Ω —Å –∞—Ä–≥–µ–Ω—Ç–∏–Ω—Å–∫–∏–º–∏ –∫—Ä–µ–≤–µ—Ç–∫–∞–º–∏, —á–µ—Å—Ç–Ω–æ –Ω–µ –ø–æ–Ω—è–ª–∞, —á—Ç–æ —Ç–∞–º –æ—Ç –∞—Ä–≥–µ–Ω—Ç–∏–Ω—Å–∫–∏—Ö –∫—Ä–µ–≤–µ—Ç–æ–∫, –Ω–æ —ç—Ç–æ —Ç—É–ø–æ –ª–∞–ø—à–∞ –≤ —Å–æ—É—Å–µ —Ç–æ–º —è–º —Å –Ω–µ–ø–æ–Ω—è—Ç–Ω—ã–º–∏ –Ω–∞ –≤–∏–¥ –æ–±—ã—á–Ω—ã–º–∏ –∫–æ–∫—Ç–µ–π–ª—å–Ω—ã–º–∏ –∫—Ä–µ–≤–µ—Ç–∫–∞–º–∏ –∞—Ö–∞—Ö–∞—Ö) –£ –º–µ–Ω—è –æ—Å—Ç–∞–ª–∏—Å—å –æ—á–µ–Ω—å —Å–º–µ—à–∞–Ω–Ω—ã–µ —á—É–≤—Å—Ç–≤–∞ –æ—Ç –ø–æ—Å–µ—â–µ–Ω–∏—è –¥–∞–Ω–Ω–æ–≥–æ –º–µ—Å—Ç–∞, —Ç–∞–∫ –∫–∞–∫ –∏ —Ü–µ–Ω—ã –Ω–∞ –±–ª—é–¥–∞ –¥–æ—Å—Ç–∞—Ç–æ—á–Ω–æ –≤—ã—Å–æ–∫–∏–µ, –Ω–æ –≤–∫—É—Å –∏ –æ–±—ä–µ–º –ø–æ—Ä—Ü–∏–π –≤–≤–µ–ª–∏ –º–µ–Ω—è –≤ –∑–∞–º–µ—à–∞—Ç–µ–ª—å—Å—Ç–≤–æ. –í–æ–∑–º–æ–∂–Ω–æ, —ç—Ç–æ —Ç–∞–∫–æ–π –∫–æ–Ω—Ü–µ–ø—Ç –∏ —è —á–µ–≥–æ-—Ç–æ –Ω–µ –ø–æ–Ω–∏–º–∞—é, –Ω–æ —á—Ç–æ –µ—Å—Ç—å, —Ç–æ –µ—Å—Ç—å. 
",geo
115915,"–û—á–µ—Ä–µ–¥–Ω–æ–π –Ω–µ –∑–∞–ø–æ–º–∏–Ω–∞—é—â–∏–π—Å—è —Ç–∞–π—Ç–ª.–ù–∞ –æ–¥–∏–Ω —Ä–∞–∑. –ü–æ –Ω–∞—á–∞–ª—É –±—ã–ª–æ –∏–Ω—Ç–µ—Ä–µ—Å–Ω–æ —Å–º–æ—Ç—Ä–µ—Ç—å, –¥–æ –º–æ–º–µ–Ω—Ç–∞ —Å "" –ª—é–±–æ–≤–Ω—ã–º –ø—è—Ç–∏—É–≥–æ–ª—å–Ω–∏–∫–æ–º "". –í—Å–µ —ç—Ç–∏  "" –Ω–µ–¥–æ–ø–æ–Ω–∏–º–∞–Ω–∏—è "" –Ω–∞—á–∏–Ω–∞–ª–∏ –Ω–∞–¥–æ–µ–¥–∞—Ç—å. –•–æ—Ä–æ—à–∏–π —é–º–æ—Ä –ø–æ—á—Ç–∏ –∏—Å—á–µ–∑. –í –∏—Ç–æ–≥–µ, 2-—é —á–∞—Å—Ç—å –∞–Ω–∏–º–µ —Å–º–æ—Ç—Ä–µ–ª —Å —Ç—Ä—É–¥–æ–º. 6 / 10",anime
27233,"–ü–æ—á–∏—Ç–∞–ª–∏ —Å –∂–µ–Ω–æ–π –æ—Ç–∑—ã–≤—ã, –≤—Ä–æ–¥–µ –≤—Å–µ —Ö–æ—Ä–æ—à–æ, –∫–æ—Å—Ç—é–º—á–∏–∫ —Å–∏–º–ø–æ—Ç–∏—á–Ω—ã–π, –∑–∞–∫–∞–∑–∞–ª–∏. 
–ü–æ–ª—É—á–∏–ª–∏.... –í–Ω–µ—à–Ω–µ —Å–º–æ—Ç—Ä–∏—Ç—Å—è –Ω–æ—Ä–º–∞–ª—å–Ω–æ, –Ω–æ —Ç–æ–Ω—é—Å–µ–Ω—å–∫–∏–π..... –ì–¥–µ –∫–∏—Ç–∞–π—Ü—ã —Ç–∞–∫–æ–π –º–∞—Ç–µ—Ä–∏–∞–ª —Ç–æ–Ω–∫–∏–π –±–µ—Ä—É—Ç??? –ù—É –ª–∞–¥–Ω–æ –∫–æ–ª–≥–æ—Ç–∫–∏ –∏–∑ –Ω–µ–≥–æ —à–∏—Ç—å, –Ω–æ —Å–ø–æ—Ä—Ç–∏–≤–Ω—ã–π –∫–æ—Å—Ç—é–º.... –î–∞ –ª—É—á—à–µ —É –Ω–∞—Å –≤ –º–∞–≥–∞–∑–∏–Ω–∞—Ö –∫—É–ø–∏—Ç—å, –ø—É—Å—Ç—å –¥–æ—Ä–æ–∂–µ, –Ω–æ –∫–∞—á–µ—Å—Ç–≤–µ–Ω–Ω—ã–π! –ê —Ç—É—Ç 600—Ä –Ω–∞ –≤–µ—Ç–µ—Ä....
–¢—Ä–µ–∫ –≤–æ–æ–±—â–µ –ª–µ–≤—ã–π –±—ã–ª....",rureviews
236601,"–ù–∏–∫–∞ –Ω–µ –º–æ–≥—É –ø–æ–Ω—è—Ç—å –ø–æ–ª–æ–∂–∏—Ç–µ–ª—å–Ω—ã–µ –æ—Ç–∑—ã–≤—ã
–°—ã—Ä –∞–±—Å–æ–ª—é—Ç–Ω–æ –Ω–∏–∫–∞–∫–æ–π –≤ –ø–ª–∞–Ω–µ –≤–∫—É—Å–∞, –ø–æ –∫–æ–Ω—Å–∏—Å—Ç–µ–Ω—Ü–∏–∏ —Å–∫–æ—Ä–µ–µ –ø–æ–ª—É—Ç–≤–µ—Ä–¥—ã–π
–ö –∫—Ä–∞—Å–∏—Ç–µ–ª—è–º –≤ —Å–æ—Å—Ç–∞–≤–µ –æ–±—ã—á–Ω–æ –æ—Ç–Ω–æ—à—É—Å—å —Å–ø–æ–∫–æ–π–Ω–æ, –Ω–æ —Ç—É—Ç –ø–æ–ª—É—á–∏–≤—à–∏–π—Å—è —Ü–≤–µ—Ç —Å–æ–≤–µ—Ä—à–µ–Ω–Ω–æ –Ω–µ –µ—Å—Ç–µ—Å—Ç–≤–µ–Ω–Ω—ã–π, —Å –ø—Ä–∏–ª–∞–≤–∫–∞ –≤ –∂–∏–∑–Ω–∏ –±—ã –Ω–µ –≤–∑—è–ª –ø—Ä–æ–¥—É–∫—Ç —Ç–∞–∫–æ–≥–æ –Ω–µ –µ—Å—Ç–µ—Å—Ç–≤–µ–Ω–Ω–æ–≥–æ —Ü–≤–µ—Ç–∞. –ö–∞–∫ –≤–∏—à–µ–Ω–∫–∞ —Ç–∞ —Ç–æ—Ä—Ç–µ - –∫–∞–∫–∞—è-—Ç–æ —Ç–æ–Ω–∫–∞—è (–ø–∞—Ä–∞—Ñ–∏–Ω–æ–≤–∞—è?) –æ–±–æ–ª–æ—á–∫–∞, –∫–æ—Ç–æ—Ä–∞—è –∫—Ä–æ—à–∏—Ç—Å—è –ø—Ä–∏ –ø–æ–ø—ã—Ç–∫–µ –æ—Ç–¥–µ–ª–∏—Ç—å...",perekrestok
30542,–§—É—Ç–±–æ–ª–∫–∞ —Å—É–ø–µ—Ä. –†—É–∫–∞–≤–∞ –º–æ–∂–Ω–æ –ø–æ–¥–≤–µ—Ä–Ω—É—Ç—å. –•–ª–æ–ø–æ–∫ –ø–ª–æ—Ç–Ω–∞—è —Ç–∫–∞–Ω—å. XL –Ω–∞ 46 —Ä–∞–∑–º–µ—Ä. –°–ø–∞—Å–∏–±–æ –ø—Ä–æ–¥–∞–≤—Ü—É.,rureviews
136141,"–í –¥–∞–Ω–Ω—ã–π –º–æ–º–µ–Ω—Ç –æ—Ç–¥—ã—Ö–∞–µ–º –≤ –ø–∞–Ω—Å–∏–æ–Ω–∞—Ç–µ, –∏–∑ –ø–ª—é—Å–æ–≤ - –∫—Ä–∞—Å–∏–≤–∞—è —Ç–µ—Ä—Ä–∏—Ç–æ—Ä–∏—è, –º–Ω–æ–≥–æ –∑–µ–ª–µ–Ω–∏, —Ä–æ–∑—ã, —á–∏—Å—Ç–æ, –Ω–µ –ø–ª–æ—Ö–æ–π –±–∞—Å—Å–µ–π–Ω, –Ω–æ–º–µ—Ä–∞ —Å–æ–æ—Ç–≤–µ—Ç—Å—Ç–≤—É—é—Ç —Ü–µ–Ω–æ–≤–æ–π –∫–∞—Ç–µ–≥–æ—Ä–∏–∏, \n—Ö–æ—Ä–æ—à–∏–π —Å–∞–Ω—É–∑–µ–ª, —Å–º–µ–Ω–∞ –±–µ–ª—å—è, –ø–æ–ª–æ—Ç–µ–Ω—Ü–∞ –º–µ–Ω—è—é—Ç –∫–∞–∫ –∏ —É–∫–∞–∑–∞–Ω–æ. –ü—Ä–µ–∫—Ä–∞—Å–Ω—ã–π —Ç—Ä–∞–Ω—Å—Ñ–µ—Ä, –∑–∞–º–µ—á–∞—Ç–µ–ª—å–Ω—ã–π, –≤–µ–∂–ª–∏–≤—ã–π –≤–æ–¥–∏—Ç–µ–ª—å –Ω–∞ –±–µ–ª–æ–º –°–∏—Ç—Ä–æ–µ–Ω–µ, –∏–º–µ–Ω–∏ –∫ —Å–æ–∂–∞–ª–µ–Ω–∏—é –Ω–µ –∑–Ω–∞—é. –¢–µ–ø–µ—Ä—å –ø–æ –º–∏–Ω—É—Å–∞–º - —É –±–∞—Å—Å–µ–π–Ω–∞ –Ω–µ—Ç –∑–æ–Ω—Ç–æ–≤ –æ—Ç —Å–æ–ª–Ω—Ü–∞, —ç—Ç–æ –Ω–µ –¥–æ–ø—É—Å—Ç–∏–º–æ!!! –í –Ω–æ–º–µ—Ä–∞—Ö —ç–∫–æ–Ω–æ–º —Å—Ç–æ—è—Ç –Ω–µ –∫—Ä–æ–≤–∞—Ç–∏, –∞ –¥–µ—Ç—Å–∫–∏–µ –∫—Ä–æ–≤–∞—Ç–∫–∏, –≤–∑—Ä–æ—Å–ª—ã–µ –µ–ª–µ –ø–æ–º–µ—â–∞—é—Ç—Å—è, –¥–∞–∂–µ –µ—Å–ª–∏ —ç—Ç–æ —ç–∫–æ–Ω–æ–º, —Ç–∞–∫ –Ω–µ–ª—å–∑—è, –Ω–æ—Ä–º–∞–ª—å–Ω–æ –≤—ã—Å–ø–∞—Ç—å—Å—è –Ω–µ –≤–æ–∑–º–æ–∂–Ω–æ, –±–æ–∏—à—å—Å—è —É–ø–∞—Å—Ç—å! –ï–¥–∞ –≤ –æ–±—â–µ–º –Ω–µ –ø–ª–æ—Ö–∞—è, –≥–æ–ª–æ–¥–Ω—ã–º–∏ –Ω–µ –±—ã–ª–∏, –≤ —Å—Ç–æ–ª–æ–≤–æ–π —á–∏—Å—Ç–æ, –≤—Å–µ –∞–∫–∫—É—Ä–∞—Ç–Ω–æ, –Ω–æ –æ—á–µ–Ω—å —á–∞—Å—Ç–æ —Å—Ç–æ–∏—Ç —Å–∏–ª—å–Ω—ã–π –∑–∞–ø–∞—Ö –≥–æ—Ä–µ–ª–æ–≥–æ –º–∞—Å–ª–∞, –ø–æ—Ç–æ–º –æ–¥–µ–∂–¥—É –Ω–µ –≤—ã–≤–µ—Ç—Ä–∏—Ç—å, —Å—Ç—Ä–∞—à–Ω–æ –ø—Ä–µ–¥—Å—Ç–∞–≤–∏—Ç—å –Ω–∞ —á–µ–º –≥–æ—Ç–æ–≤—è—Ç –µ–¥—É! –ü–∏—Ç–∞–Ω–∏–µ —à–≤–µ–¥—Å–∫–∏–π —Å—Ç–æ–ª, –Ω–æ –±–ª—é–¥–∞ –Ω–µ –≤—Å–µ–≥–¥–∞ –ø–æ–ø–æ–ª–Ω—è—é—Ç —Ç–µ–º, —á—Ç–æ —É–∂–µ —Ä–∞–∑–æ–±—Ä–∞–ª–∏, –µ—Å–ª–∏ –ø–µ—Ä–≤—ã–º –Ω–µ –ø—Ä–∏–±–µ–∂–∏—à—å, –±—É–¥–µ—à—å –µ—Å—Ç—å –º–∞–∫–∞—Ä–æ–Ω—ã! –û–±—â–µ–µ –≤–ø–µ—á–∞—Ç–ª–µ–Ω–∏–µ –æ—Ç –ø–∞–Ω—Å–∏–æ–Ω–∞—Ç–∞ –Ω–∞ 3+
",geo
270573,"–ë–µ—Å–ø–æ–ª–µ–∑–µ–Ω - –Ω–∏–∫–∞–∫ –Ω–µ —Å–º—è–≥—á–∞–µ—Ç –±–µ–ª—å–µ, –Ω–µ –ø—Ä–∏–¥–∞–µ—Ç –∞—Ä–æ–º–∞—Ç–∞.",perekrestok
76257,—è –Ω–µ –¥–∞–≤–æ–ª—å–Ω–∞ –∑–∞–∫–∞–∑–æ–º,rureviews
67761,"–¶–≤–µ—Ç –Ω–µ —Å–æ–æ—Ç–≤–µ—Ç—Å—Ç–≤–æ–≤–∞–ª, –±–µ–ª—ã–π –Ω–∞ —Å–∞–º–æ–º –¥–µ–ª–µ –º–æ–ª–æ—á–Ω–æ–≥–æ, –±–ª–∏–∂–µ –≥—Ä—è–∑–Ω–æ-–∂–µ–ª—Ç–æ–≥–æ –æ—Ç—Ç–µ–Ω–∫–∞) –ó–∞—Ç—è–∂–∫–∞ —É –∫–∞–ø—é—à–æ–Ω–∞ –æ—Ç–æ—Ä–≤–∞–Ω–∞ —Å –æ–¥–Ω–æ–π —Å—Ç–æ—Ä–æ–Ω—ã",rureviews
288033,"–•–æ—Ä–æ—à–∞—è, –≤—Å—è —á–∏—Å—Ç–∞—è, –≤–∫—É—á–Ω–∞—è",perekrestok
141001,"–î–∞–≤–Ω–æ —Ö–æ–¥–∏–º –≤ m-tea –∑–∞ –≤–∫—É—Å–Ω—ã–º–∏ –Ω–∞–ø–∏—Ç–∫–∞–º–∏, –æ–Ω–∏ –¥–µ–π—Å—Ç–≤–∏—Ç–µ–ª—å–Ω–æ –≤–∫—É—Å–Ω—ã–µ. –ù–æ –Ω–µ —Ç–æ–ª—å–∫–æ —ç—Ç–æ –æ–ø—Ä–µ–¥–µ–ª—è–µ—Ç –∫–∞—á–µ—Å—Ç–≤–æ –º–µ—Å—Ç–∞, –Ω–æ —Ç–∞–∫–∂–µ –æ—Ç–Ω–æ—à–µ–Ω–∏–µ –∏ —Å–µ—Ä–≤–∏—Å. –°–µ–≥–æ–¥–Ω—è—à–Ω–µ–µ –Ω–∞—à–µ –ø–æ—Å–µ—â–µ–Ω–∏–µ –±—ã–ª–æ –æ–º—Ä–∞—á–µ–Ω–æ —Ç–µ–º, —á—Ç–æ –ø–æ–ø—Ä–æ—Å–∏–≤ –Ω–∞–ø–∏—Ç–æ–∫ –±–µ–∑ –ª—å–¥–∞, –Ω–∞–º –æ—Ç–≤–µ—Ç–∏–ª–∏ –ø—Ä–æ—Å—Ç–æ ¬´–Ω–µ–ª—å–∑—è¬ª, –Ω–∞ –≤–æ–ø—Ä–æ—Å—ã –ø–æ—á–µ–º—É? –Ω–∞–º —Å–∫–∞–∑–∞–ª–∏, —á—Ç–æ ¬´–º–æ–∂–µ–º —Ç–æ–≥–¥–∞ —Ä–∞–∑–±–∞–≤–∏—Ç—å –≤–æ–¥–æ–π, –Ω–æ –ø–æ—Ç–æ–º –Ω–µ –∂–∞–ª—É–π—Ç–µ—Å—å,—á—Ç–æ –Ω–µ –≤–∫—É—Å–Ω–æ¬ª. –£–∂–µ —Å–∏–¥—è –≤ –º–∞—à–∏–Ω–µ —Å –Ω–∞–ø–∏—Ç–∫–∞–º–∏, –æ–±–Ω–∞—Ä—É–∂–∏–ª–∏, —á—Ç–æ –Ω–µ—Ç –∫—Ä—ã—à–µ–∫(–±–µ–∑ –∫—Ä—ã—à–∫–∏ –ø–ª–∞—Å—Ç–∏–∫–æ–≤–æ–π –Ω–∞–ø–∏—Ç–æ–∫ –≤—ã–ª–∏–≤–∞–µ—Ç—Å—è –ø–æ–¥ –¥–∞–≤–ª–µ–Ω–∏–µ–º –ø—Ä–∏ –ø—Ä–æ—Ç—ã–∫–∞–Ω–∏–∏ —Ç—Ä—É–±–æ—á–∫–æ–π), –≤–µ—Ä–Ω—É–ª–∏—Å—å –∑–∞ –Ω–∏–º–∏. –û–∫–∞–∑—ã–≤–∞–µ—Ç—Å—è, —á—Ç–æ —Ç–µ–ø–µ—Ä—å –∫—Ä—ã—à–∫–∏ –ø—Ä–æ—Å—Ç–æ —Ç–∞–∫ –Ω–µ –≤—ã–¥–∞—é—Ç, —Ç–æ–ª—å–∫–æ –µ—Å–ª–∏ –ø–æ—Ç—Ä–µ–±—É–µ—Ç–µüëç
",geo
